地址,高校名称,百度经度,百度纬度
安徽省蚌埠市,蚌埠医学院,117.438639,32.911035
安徽省蚌埠市,安徽财经大学,117.427992,32.910383
安徽省蚌埠市,蚌埠学院,117.429707,32.895522
安徽省蚌埠市,安徽电子信息职业技术学院,117.429893,32.9031
安徽省蚌埠市,蚌埠经济技术职业学院,117.375531,33.157528
安徽省亳州市,亳州师范高等专科学校,115.772463,33.809091
安徽省亳州市,亳州职业技术学院,115.776225,33.849636
安徽省池州市,池州学院,117.572812,30.650029
安徽省池州市,池州职业技术学院,117.482021,30.66654
安徽省池州市,安徽人口职业学院,117.572935,30.641966
安徽省滁州市,滁州学院,118.318557,32.281629
安徽省滁州市,安徽科技学院,117.572961,32.878498
安徽省滁州市,滁州职业技术学院,118.313303,32.25625
安徽省滁州市,滁州城市职业学院,117.569174,32.882803
安徽省阜阳市,民办安徽旅游职业学院,116.265314,32.662456
安徽省阜阳市,阜阳师范学院,115.812483,32.899076
安徽省阜阳市,阜阳职业技术学院,115.798446,32.892846
安徽省阜阳市,阜阳科技职业学院,115.794775,32.903457
安徽省合肥市,安徽中医药大学,117.267343,31.858422
安徽省合肥市,安徽外国语学院,117.03024,31.745682
安徽省合肥市,民办万博科技职业学院,117.212771,31.868136
安徽省合肥市,安徽大学公安学院（安徽公安职业学院）,117.183594,31.837243
安徽省合肥市,安徽汽车职业技术学院,117.278707,31.746265
安徽省合肥市,安徽长江职业学院,117.282699,31.86694
安徽省合肥市,合肥工业大学,117.302545,31.849278
安徽省合肥市,中国科学技术大学,117.275366,31.843017
安徽省合肥市,安徽大学,117.262098,31.85077
安徽省合肥市,安徽农业大学,117.264855,31.86668
安徽省合肥市,安徽医科大学,117.269215,31.855532
安徽省合肥市,巢湖学院,117.935824,31.655889
安徽省合肥市,安徽建筑大学,117.229423,31.749981
安徽省合肥市,安徽三联学院,117.204258,31.758432
安徽省合肥市,合肥学院,117.27065,31.847473
安徽省合肥市,安徽新华学院,117.191521,31.83294
安徽省合肥市,安徽文达信息工程学院,117.025546,31.749044
安徽省合肥市,合肥师范学院,117.235094,31.756828
安徽省合肥市,安徽职业技术学院,117.384342,31.935944
安徽省合肥市,安徽水利水电职业技术学院,117.433896,31.831383
安徽省合肥市,安徽警官职业学院,117.230671,31.880632
安徽省合肥市,安徽工业经济职业技术学院,117.334277,31.823936
安徽省合肥市,合肥通用职业技术学院,117.209925,31.863897
安徽省合肥市,民办合肥经济技术职业学院,117.25891,31.730864
安徽省合肥市,安徽交通职业技术学院,117.305859,31.835548
安徽省合肥市,安徽体育运动职业技术学院,117.357012,31.777397
安徽省合肥市,安徽医学高等专科学校,117.232686,31.792698
安徽省合肥市,合肥职业技术学院,117.384342,31.935944
安徽省合肥市,安徽广播影视职业技术学院,117.378312,31.936235
安徽省合肥市,民办合肥滨湖职业技术学院,117.25891,31.730864
安徽省合肥市,安徽电气工程职业技术学院,117.307897,31.819242
安徽省合肥市,安徽城市管理职业学院,117.399091,31.934404
安徽省合肥市,安徽工商职业学院,117.267383,31.965855
安徽省合肥市,安徽中澳科技职业学院,117.258029,31.88412
安徽省合肥市,安徽艺术职业学院,117.220969,31.781456
安徽省合肥市,安徽财贸职业学院,117.187643,31.757948
安徽省合肥市,安徽国际商务职业学院,117.276161,31.993344
安徽省合肥市,安徽林业职业技术学院,117.195162,31.846921
安徽省合肥市,安徽审计职业学院,117.262951,31.731256
安徽省合肥市,安徽新闻出版职业技术学院,117.249539,31.783037
安徽省合肥市,安徽邮电职业技术学院,117.238603,31.855424
安徽省合肥市,安徽涉外经济职业学院,117.399592,31.938005
安徽省合肥市,安徽绿海商务职业学院,117.204507,31.75626
安徽省合肥市,合肥共达职业技术学院,117.319499,31.969646
安徽省合肥市,徽商职业学院,117.036209,31.756958
安徽省合肥市,合肥信息技术职业学院,117.180163,31.76458
安徽省合肥市,合肥幼儿师范高等专科学校,117.382111,31.926253
安徽省合肥市,安徽粮食工程职业学院,117.403293,31.922024
安徽省合肥市,合肥科技职业学院,117.037773,31.753151
安徽省淮北市,淮北师范大学,116.817379,33.989132
安徽省淮北市,淮北职业技术学院,116.798698,33.951289
安徽省淮北市,安徽矿业职业技术学院,116.795584,33.955137
安徽省淮南市,安徽理工大学,117.017248,32.639648
安徽省淮南市,淮南师范学院,116.966942,32.619655
安徽省淮南市,淮南联合大学,116.956646,32.618842
安徽省淮南市,淮南职业技术学院,117.018366,32.628504
安徽省淮南市,安徽工贸职业技术学院,117.004152,32.645052
安徽省黄山市,黄山学院,118.299249,29.697423
安徽省黄山市,黄山职业技术学院,118.276034,29.784069
安徽省六安市,皖西学院,116.490164,31.767205
安徽省六安市,六安职业技术学院,116.55059,31.837741
安徽省六安市,安徽国防科技职业学院,116.515924,31.740615
安徽省六安市,皖西卫生职业学院,116.538193,31.77369
安徽省马鞍山市,安徽工业大学,118.518259,31.697159
安徽省马鞍山市,安徽冶金科技职业学院,118.502396,31.666147
安徽省马鞍山市,马鞍山师范高等专科学校,118.504335,31.66093
安徽省马鞍山市,马鞍山职业技术学院,118.56462,31.66836
安徽省铜陵市,安徽工业职业技术学院,117.806884,30.941624
安徽省铜陵市,铜陵学院,117.852676,30.97003
安徽省铜陵市,铜陵职业技术学院,117.865268,30.965749
安徽省芜湖市,安徽中医药高等专科学校,118.382215,31.305869
安徽省芜湖市,安徽工程大学,118.418053,31.344837
安徽省芜湖市,皖南医学院,118.380247,31.348576
安徽省芜湖市,安徽师范大学,118.381183,31.339709
安徽省芜湖市,芜湖职业技术学院,118.383262,31.397659
安徽省芜湖市,安徽商贸职业技术学院,118.374296,31.294468
安徽省芜湖市,安徽机电职业技术学院,118.367764,31.288837
安徽省芜湖市,安徽扬子职业技术学院,118.283659,31.231645
安徽省宿州市,皖北卫生职业学院,117.089266,33.637247
安徽省宿州市,宿州学院,117.083493,33.639231
安徽省宿州市,宿州职业技术学院,116.979499,33.730576
安徽省徐州市,安徽现代信息工程职业学院,117.294034,34.210849
安徽省宣城市,宣城职业技术学院,118.736351,30.915224
北京市,中国矿业大学（北京）,116.35688,40.00313
北京市,中国地质大学（北京）,116.354123,39.997161
北京市,北京大学,116.316176,39.997741
北京市,中国人民大学,116.321712,39.976119
北京市,清华大学,116.328374,40.002467
北京市,北京交通大学,116.349349,39.957255
北京市,北京工业大学,116.487911,39.883824
北京市,北京航空航天大学,116.359752,39.98994
北京市,北京理工大学,116.323205,39.966781
北京市,北京科技大学,116.3661,39.99582
北京市,北方工业大学,116.214768,39.934603
北京市,北京化工大学,116.428101,39.977695
北京市,北京工商大学,116.321068,39.931139
北京市,北京服装学院,116.43713,39.978959
北京市,北京邮电大学,116.365049,39.967299
北京市,北京印刷学院,116.335648,39.749851
北京市,北京建筑大学,116.34892,39.941021
北京市,北京石油化工学院,116.333009,39.753929
北京市,中国农业大学,116.36421,40.010529
北京市,北京农学院,116.315063,40.09992
北京市,北京林业大学,116.350675,40.007593
北京市,北京协和医学院,116.421217,39.917022
北京市,首都医科大学,116.359718,39.870929
北京市,北京中医药大学,116.434774,39.977584
北京市,北京师范大学,116.37377,39.967216
北京市,首都师范大学,116.31305,39.936754
北京市,首都体育学院,116.35444,39.976561
北京市,北京外国语大学,116.317887,39.961451
北京市,北京第二外国语学院,116.569561,39.92122
北京市,北京语言大学,116.359265,40.001527
北京市,中国传媒大学,116.564055,39.918723
北京市,中央财经大学,116.349419,39.963857
北京市,对外经济贸易大学,116.434416,39.986354
北京市,北京物资学院,116.646002,39.935219
北京市,首都经济贸易大学,116.323255,39.848276
北京市,外交学院,116.352765,39.932031
北京市,中国人民公安大学,116.344398,39.90587
北京市,国际关系学院,116.292759,40.009976
北京市,北京体育大学,116.325335,40.030835
北京市,中央音乐学院,116.36417,39.908298
北京市,中国音乐学院,116.386031,39.997271
北京市,中央美术学院,116.470665,39.989664
北京市,中央戏剧学院,116.410432,39.942162
北京市,中国戏曲学院,116.339349,39.869067
北京市,北京电影学院,116.362382,39.977826
北京市,北京舞蹈学院,116.326136,39.952803
北京市,中央民族大学,116.327024,39.956578
北京市,中国政法大学,116.254114,40.228782
北京市,华北电力大学,116.31431,40.097498
北京市,中华女子学院,116.441932,40.000567
北京市,北京信息科技大学,116.389231,39.995053
北京市,中国石油大学,116.254012,40.224258
北京市,北京联合大学,116.433812,39.996166
北京市,北京城市学院,116.3537,39.993167
北京市,中国青年政治学院,116.314592,39.95599
北京市,首钢工学院,116.209486,39.932349
北京市,中国劳动关系学院,116.323126,39.934845
北京市,北京吉利学院,116.171386,40.183046
北京市,北京警察学院,116.179214,40.256442
北京市,中国科学院大学,116.255161,39.915797
北京市,北京工业职业技术学院,116.128658,39.965537
北京市,北京信息职业技术学院,116.489319,39.978669
北京市,北京电子科技职业学院,116.441156,39.986077
北京市,北京京北职业技术学院,116.647955,40.345721
北京市,北京交通职业技术学院,116.210087,40.23312
北京市,北京青年政治学院,116.481552,39.987245
北京市,北京农业职业学院,116.23318,39.779843
北京市,北京政法职业学院,116.375393,39.76828
北京市,北京财贸职业学院,116.430858,39.928434
北京市,北京经贸职业学院,116.170875,39.727415
北京市,北京经济技术职业学院,116.512838,39.777486
北京市,北京戏曲艺术职业学院,116.38528,39.861771
北京市,北京汇佳职业学院,116.249809,40.201372
北京市,北京现代职业技术学院,116.67707,40.126061
北京市,北京科技经营管理学院,116.268994,40.158196
北京市,北京科技职业学院,116.25655,40.123226
北京市,北京培黎职业学院,116.353794,40.026077
北京市,北京经济管理职业学院,116.480667,39.989256
北京市,北京劳动保障职业学院,116.429948,39.991751
北京市,北京社会管理职业学院,116.391033,39.986582
北京市,北京艺术传媒职业学院,116.126298,40.104983
北京市,北京体育职业学院,116.417151,39.859368
北京市,北京交通运输职业学院,116.348752,39.750649
北京市,北京卫生职业学院,116.675385,39.890786
福建省福州市,福建中医药大学（旗山校区）,119.187374,26.079443
福建省福州市,福建中医药大学（屏山校区）,119.311824,26.11163
福建省福州市,福州大学,119.204363,26.06565
福建省福州市,福建工程学院,119.201967,26.040706
福建省福州市,福建农林大学,119.246339,26.09076
福建省福州市,福建医科大学,119.307083,26.074843
福建省福州市,福建师范大学,119.315693,26.042134
福建省福州市,闽江学院,119.175909,26.069943
福建省福州市,福建警察学院,119.32258,26.032955
福建省福州市,福州外语外贸学院,119.506587,25.932451
福建省福州市,福建江夏学院,119.201228,26.072555
福建省福州市,福建船政交通职业学院,119.318575,26.034262
福建省福州市,福建商业高等专科学校,119.298021,26.12382
福建省福州市,福建华南女子职业学院,119.208822,26.030326
福建省福州市,福州职业技术学院,119.16672,26.080376
福建省福州市,福建信息职业技术学院,119.298863,26.110811
福建省福州市,福建农业职业技术学院,119.322487,26.041704
福建省福州市,福建卫生职业技术学院,119.178099,26.147927
福建省福州市,福州英华职业学院,119.398261,25.984972
福建省福州市,福建警官职业学院,119.361958,26.085008
福建省福州市,福州黎明职业技术学院,119.285009,26.084213
福建省福州市,福州科技职业技术学院,119.253241,26.085519
福建省福州市,福建对外经济贸易职业技术学院,119.511344,26.079914
福建省福州市,福州海峡职业技术学院,119.376893,26.090176
福建省福州市,福建生物工程职业技术学院,119.253748,26.086858
福建省福州市,福建艺术职业学院,119.157123,26.145576
福建省福州市,福建幼儿师范高等专科学校,119.295246,26.087921
福建省福州市,福州软件职业技术学院,119.26788,26.112287
福建省福州市,福建体育职业技术学院,119.306118,26.118881
福建省福州市,闽江师范高等专科学校,119.22282,26.025204
福建省龙岩市,龙岩学院,117.029734,25.036342
福建省龙岩市,闽西职业技术学院,117.038894,25.069158
福建省南平市,武夷学院,118.010984,27.732834
福建省南平市,福建林业职业技术学院,118.183228,26.65176
福建省南平市,闽北职业技术学院,118.261868,26.584506
福建省南平市,武夷山职业学院,118.009422,27.725624
福建省宁德市,宁德师范学院,119.544923,26.643793
福建省宁德市,宁德职业技术学院,119.662327,27.099621
福建省莆田市,莆田学院,119.016921,25.449444
福建省莆田市,湄洲湾职业技术学院,118.864308,25.272938
福建省泉州市,华侨大学,118.651759,24.940226
福建省泉州市,泉州师范学院,118.676072,24.873525
福建省泉州市,仰恩大学,118.62039,25.119812
福建省泉州市,闽南理工学院,118.67257,24.721305
福建省泉州市,泉州信息工程学院,118.67932,24.8745
福建省泉州市,黎明职业大学,118.633927,24.88544
福建省泉州市,福建电力职业技术学院,118.59206,24.952479
福建省泉州市,泉州医学高等专科学校,118.677185,24.935868
福建省泉州市,泉州纺织服装职业学院,118.676191,24.743188
福建省泉州市,泉州华光职业学院,118.706561,24.96424
福建省泉州市,泉州理工职业学院,118.617899,24.892438
福建省泉州市,泉州经贸职业技术学院,118.547016,24.911726
福建省泉州市,泉州工艺美术职业学院,118.241785,25.506916
福建省泉州市,泉州海洋职业学院,118.759344,24.768389
福建省泉州市,泉州轻工职业学院,118.553995,24.817045
福建省泉州市,泉州幼儿师范高等专科学校,118.664687,24.882285
福建省泉州市,泉州工程职业技术学院,118.661487,24.873246
福建省三明市,三明学院,117.571438,26.204678
福建省三明市,福建水利电力职业技术学院,117.367363,25.942589
福建省三明市,三明职业技术学院,117.646006,26.258127
福建省厦门市,厦门大学,118.104774,24.443313
福建省厦门市,集美大学,118.100807,24.58564
福建省厦门市,厦门理工学院,118.09615,24.445731
福建省厦门市,厦门海洋职业技术学院,118.260643,24.598545
福建省厦门市,厦门医学高等专科学校,118.170405,24.4655
福建省厦门市,厦门华厦职业学院,118.088467,24.635962
福建省厦门市,厦门演艺职业学院,118.253817,24.641865
福建省厦门市,厦门华天涉外职业技术学院,118.254754,24.609214
福建省厦门市,厦门城市职业学院,118.172978,24.468855
福建省厦门市,厦门兴才职业技术学院,118.043949,24.621189
福建省厦门市,厦门软件职业技术学院,118.080614,24.621468
福建省厦门市,厦门南洋职业学院,118.258527,24.605987
福建省厦门市,厦门东海职业技术学院,118.009473,24.626461
福建省厦门市,厦门安防科技职业学院,118.268502,24.594233
福建省漳州市,闽南师范大学,117.651732,24.513379
福建省漳州市,漳州职业技术学院,117.641888,24.530294
福建省漳州市,漳州城市职业学院,117.641888,24.530294
福建省漳州市,漳州科技职业学院,117.542184,24.084913
福建省漳州市,漳州理工职业学院,117.751027,24.508916
福建省漳州市,漳州卫生职业学院,117.64091,24.532028
甘肃省白银市,白银矿冶职业技术学院,104.161507,36.571256
甘肃省定西市,定西师范高等专科学校,104.600525,35.56743
甘肃省甘南藏族自治州,甘肃民族师范学院,102.902489,34.966524
甘肃省嘉峪关市,甘肃钢铁职业技术学院,98.317681,39.784078
甘肃省金昌市,甘肃有色冶金职业技术学院,102.186411,38.55726
甘肃省酒泉市,酒泉职业技术学院,98.499364,39.700273
甘肃省兰州市,甘肃卫生职业学院校部（原甘肃省卫生学校）,103.876426,36.052829
甘肃省兰州市,兰州大学,103.86663,36.051997
甘肃省兰州市,西北民族大学,103.825244,36.051253
甘肃省兰州市,兰州理工大学,103.783445,36.06245
甘肃省兰州市,兰州交通大学,103.730911,36.111356
甘肃省兰州市,甘肃农业大学,103.707241,36.096718
甘肃省兰州市,甘肃中医学院,103.87594,36.049014
甘肃省兰州市,西北师范大学,103.744761,36.104394
甘肃省兰州市,兰州城市学院,103.70253,36.100844
甘肃省兰州市,兰州商学院,103.970209,36.004712
甘肃省兰州市,甘肃政法学院,103.737061,36.109585
甘肃省兰州市,兰州文理学院,103.901742,36.074346
甘肃省兰州市,兰州工业学院,103.753259,36.058256
甘肃省兰州市,兰州石化职业技术学院,103.644107,36.09165
甘肃省兰州市,甘肃建筑职业技术学院,103.768622,36.057031
甘肃省兰州市,兰州外语职业学院,103.966144,36.007675
甘肃省兰州市,兰州职业技术学院,103.68579,36.134387
甘肃省兰州市,甘肃警察职业学院,103.838907,36.104373
甘肃省兰州市,甘肃交通职业技术学院,103.746834,36.109461
甘肃省兰州市,兰州资源环境职业技术学院,103.952496,36.030576
甘肃省兰州市,甘肃农业职业技术学院,103.89526,36.051202
甘肃省兰州市,兰州科技职业学院,104.01758,35.958755
甘肃省陇南市,陇南师范高等专科学校,105.74898,33.760775
甘肃省平凉市,平凉医学高等专科学校,106.718004,35.54421
甘肃省庆阳市,陇东学院,107.693153,35.734416
甘肃省天水市,甘肃机电职业技术学院,105.669648,34.571836
甘肃省天水市,天水师范学院,105.705982,34.576154
甘肃省天水市,甘肃林业职业技术学院,105.918299,34.48885
甘肃省天水市,甘肃工业职业技术学院,105.820921,34.570714
甘肃省武威市,武威职业学院,102.612973,37.937398
甘肃省武威市,甘肃畜牧工程职业技术学院,102.861728,37.682821
甘肃省张掖市,河西学院,100.448234,38.957341
广东省潮州市,韩山师范学院,116.671566,23.661092
广东省东莞市,广东科技学院,113.761444,22.977686
广东省东莞市,东莞理工学院,113.882618,22.910292
广东省东莞市,广东亚视演艺职业学院,114.079193,22.828418
广东省东莞市,东莞职业技术学院,113.863785,22.901013
广东省东莞市,广东创新科技职业学院,113.731945,22.938843
广东省佛山市,广东东软学院（原南海东软信息技术职业学院）,113.032081,23.142764
广东省佛山市,广东舞蹈戏剧职业学院,113.066977,23.105748
广东省佛山市,佛山科学技术学院,113.064069,23.137546
广东省佛山市,顺德职业技术学院,113.331447,22.815093
广东省佛山市,佛山职业技术学院,112.990292,23.245674
广东省佛山市,广东环境保护工程职业学院,112.91659,23.056692
广东省广州市,广东第二师范学院,113.324054,23.105216
广东省广州市,民办南华工商学院,113.331244,23.171713
广东省广州市,广东科学技术职业学院,113.369848,23.150515
广东省广州市,广东工商职业学院,113.189252,23.446379
广东省广州市,广东青年职业学院,113.431583,23.375086
广东省广州市,广东生态工程职业学院,113.381731,23.197642
广东省广州市,中山大学,113.305224,23.099407
广东省广州市,华南理工大学,113.352105,23.157891
广东省广州市,暨南大学,113.354383,23.131822
广东省广州市,华南农业大学,113.359105,23.161023
广东省广州市,广州医科大学,113.288183,23.093814
广东省广州市,广州中医药大学,113.271819,23.162061
广东省广州市,广东药学院,113.418307,23.061722
广东省广州市,华南师范大学,113.354527,23.142099
广东省广州市,广州体育学院,113.325316,23.149925
广东省广州市,广州美术学院,113.284988,23.099423
广东省广州市,星海音乐学院,113.387008,23.064141
广东省广州市,广东技术师范学院,113.377318,23.137189
广东省广州市,广东财经大学,113.360996,23.094786
广东省广州市,广东白云学院,113.214078,23.278385
广东省广州市,广州大学,113.3778,23.043873
广东省广州市,广州航海学院,113.484691,23.105457
广东省广州市,广东警官学院,113.311824,23.257918
广东省广州市,仲恺农业工程学院,113.286989,23.113492
广东省广州市,广东金融学院,113.387109,23.20774
广东省广州市,广东工业大学,113.405061,23.043657
广东省广州市,广东外语外贸大学,113.295796,23.205913
广东省广州市,广东培正学院,113.097382,23.416371
广东省广州市,南方医科大学,113.340775,23.192692
广东省广州市,广州商学院,113.361241,23.095235
广东省广州市,广州工商学院,113.188069,23.445799
广东省广州市,广东轻工职业技术学院,113.310413,23.097703
广东省广州市,广东交通职业技术学院,113.359662,23.188756
广东省广州市,广东水利电力职业技术学院,113.6235,23.569274
广东省广州市,私立华联学院,113.412245,23.162053
广东省广州市,广州民航职业技术学院,113.264189,23.17168
广东省广州市,广州番禺职业技术学院,113.314597,22.907854
广东省广州市,广东农工商职业技术学院,113.620629,23.288908
广东省广州市,广东食品药品职业学院,113.382702,23.208861
广东省广州市,广州康大职业技术学院,113.572251,23.313768
广东省广州市,广东行政职业学院,113.192746,23.404772
广东省广州市,广东体育职业技术学院,113.421414,23.148338
广东省广州市,广东职业技术学院,113.371205,23.139216
广东省广州市,广东建设职业技术学院,113.252852,23.274393
广东省广州市,广东女子职业技术学院,113.473672,22.963752
广东省广州市,广东机电职业技术学院,113.451422,23.38638
广东省广州市,广东岭南职业技术学院,113.423223,23.173333
广东省广州市,广东邮电职业技术学院,113.371205,23.139216
广东省广州市,广东工贸职业技术学院,113.462491,23.407151
广东省广州市,广东司法警官职业学院,113.368607,23.200233
广东省广州市,广东省外语艺术职业学院,113.345488,23.153804
广东省广州市,广东文艺职业学院,113.352953,22.977577
广东省广州市,广州体育职业技术学院,113.362992,23.172054
广东省广州市,广州工程技术职业学院,113.306721,23.141651
广东省广州市,广州涉外经济职业技术学院,113.372047,23.259603
广东省广州市,广州南洋理工职业学院,113.623777,23.587921
广东省广州市,广州科技职业技术学院,113.469434,23.409257
广东省广州市,广州现代信息工程职业技术学院,113.446243,23.147989
广东省广州市,广州华南商贸职业学院,113.359702,23.185899
广东省广州市,广州华立科技职业学院,113.868959,23.24843
广东省广州市,广州城市职业学院,113.284901,23.166904
广东省广州市,广东工程职业技术学院,113.384817,23.219381
广东省广州市,广州铁路职业技术学院,113.215694,23.206095
广东省广州市,广东科贸职业学院,113.222143,23.221108
广东省广州市,广州科技贸易职业学院,113.398908,23.008243
广东省广州市,广州珠江职业技术学院,113.836394,23.274127
广东省广州市,广州松田职业学院,113.737946,23.283763
广东省广州市,广州城建职业学院,113.613727,23.534084
广东省广州市,广州华商职业学院,113.787826,23.262433
广东省广州市,广州华夏职业学院,113.521864,23.583309
广东省广州市,广州东华职业学院,113.475513,23.259968
广东省河源市,河源职业技术学院,114.743669,23.759609
广东省惠州市,惠州学院,114.424946,23.043025
广东省惠州市,惠州经济职业技术学院,114.480073,23.083092
广东省惠州市,惠州卫生职业技术学院,114.445299,23.012035
广东省惠州市,惠州城市职业学院,114.267344,23.726498
广东省江门市,广东南方职业学院,113.148805,22.588227
广东省江门市,江海职业技术学院,113.077916,22.587426
广东省江门市,五邑大学,113.090554,22.600381
广东省江门市,江门职业技术学院,113.116071,22.634935
广东省揭阳市,潮汕职业技术学院,116.14834,23.29802
广东省揭阳市,揭阳职业技术学院,116.321583,23.482661
广东省茂名市,广东石油化工学院,110.929385,21.683436
广东省茂名市,茂名职业技术学院,110.938826,21.680816
广东省梅州市,嘉应学院,116.134827,24.33214
广东省清远市,广东碧桂园职业学院,109.454722,24.336865
广东省清远市,清远职业技术学院,113.086539,23.725323
广东省汕头市,汕头大学,116.641485,23.419546
广东省汕头市,汕头职业技术学院,116.765031,23.297397
广东省汕尾市,汕尾职业技术学院,115.374729,22.798986
广东省韶关市,韶关学院,113.680884,24.779322
广东省韶关市,广东松山职业技术学院,113.648222,24.648409
广东省深圳市,深圳大学,113.942679,22.538223
广东省深圳市,南方科技大学,113.994416,22.600581
广东省深圳市,深圳职业技术学院,113.958924,22.592731
广东省深圳市,深圳信息职业技术学院,114.219791,22.691163
广东省阳江市,阳江职业技术学院,111.993512,21.848399
广东省云浮市,罗定职业技术学院,111.567,22.775695
广东省湛江市,广东海洋大学,110.308003,21.156672
广东省湛江市,广东医学院,110.41676,21.210967
广东省湛江市,岭南师范学院,110.358551,21.278833
广东省湛江市,广东文理职业学院,110.234816,21.645579
广东省肇庆市,广东信息工程职业学院,112.83302,23.355579
广东省肇庆市,肇庆学院,112.501079,23.112769
广东省肇庆市,肇庆医学高等专科学校,112.457498,23.051497
广东省中山市,广东理工学院,113.399417,22.437056
广东省中山市,中山职业技术学院,113.438937,22.518193
广东省中山市,中山火炬职业技术学院,113.46628,22.557349
广东省中山市,广东理工职业学院,113.397122,22.43705
广东省珠海市,北京师范大学-香港浸会大学联合国际学院,113.544604,22.160267
广东省珠海市,香港中文大学（深圳）,113.951056,22.537138
广东省珠海市,珠海艺术职业学院,113.363636,22.142098
广东省珠海市,珠海城市职业技术学院,113.366641,22.137562
广西省百色市,广西培贤国际职业学院,107.624663,23.329034
广西省崇左市,广西城市职业学院,107.931407,22.59425
广西省崇左市,广西科技职业学院,107.922882,22.595593
广西省南宁市,广西艺术学院,108.34602,22.809097
广西省南宁市,广西外国语学院,108.52244,22.804791
广西省南宁市,广西理工职业技术学院,108.285519,22.804008
广西省南宁市,广西幼儿师范高等专科学校,108.35296,22.819599
广西壮族自治区百色市,右江民族医学院,106.62195,23.896638
广西壮族自治区百色市,百色学院,106.614839,23.895738
广西壮族自治区百色市,百色职业学院,106.633167,23.919053
广西壮族自治区北海市,北海艺术设计学院,109.156926,21.456415
广西壮族自治区北海市,北海职业学院,109.105014,21.452496
广西壮族自治区崇左市,广西民族师范学院,107.4024,22.390132
广西壮族自治区桂林市,兴安职业技术学院,110.652106,25.598247
广西壮族自治区桂林市,桂林电子科技大学,110.343536,25.289274
广西壮族自治区桂林市,桂林理工大学,110.322879,25.286816
广西壮族自治区桂林市,桂林医学院,110.317604,25.296853
广西壮族自治区桂林市,广西师范大学,110.332912,25.271443
广西壮族自治区桂林市,桂林航天工业学院,110.377784,25.288237
广西壮族自治区桂林市,桂林师范高等专科学校,110.291562,25.282805
广西壮族自治区桂林市,桂林旅游高等专科学校,110.30679,25.126919
广西壮族自治区桂林市,桂林山水职业学院,110.199049,25.240774
广西壮族自治区河池市,河池学院,108.666829,24.504132
广西壮族自治区河池市,广西现代职业技术学院,108.044812,24.698984
广西壮族自治区贺州市,钟山职业技术学院,111.331276,24.540287
广西壮族自治区贺州市,贺州学院,111.523127,24.419108
广西壮族自治区柳州市,柳州师范高等专科学校,109.392191,24.476238
广西壮族自治区柳州市,柳州职业技术学院,109.450619,24.305945
广西壮族自治区柳州市,广西生态工程职业技术学院,109.38862,24.472144
广西壮族自治区柳州市,柳州铁道职业技术学院,109.537555,24.402145
广西壮族自治区柳州市,柳州城市职业学院,109.538552,24.397283
广西壮族自治区南宁市,广西大学,108.294992,22.844039
广西壮族自治区南宁市,广西医科大学,108.356867,22.803533
广西壮族自治区南宁市,广西中医药大学,108.324607,22.845213
广西壮族自治区南宁市,广西师范学院,108.32664,22.847478
广西壮族自治区南宁市,广西民族大学,108.24141,22.844262
广西壮族自治区南宁市,广西财经学院,108.305037,22.842099
广西壮族自治区南宁市,南宁学院,108.458333,22.756925
广西壮族自治区南宁市,广西机电职业技术学院,108.243711,22.841874
广西壮族自治区南宁市,广西体育高等专科学校,108.333749,22.835704
广西壮族自治区南宁市,南宁职业技术学院,108.200181,22.837378
广西壮族自治区南宁市,广西水利电力职业技术学院,108.19174,23.21087
广西壮族自治区南宁市,广西职业技术学院,108.240232,22.584756
广西壮族自治区南宁市,广西交通职业技术学院,108.349904,22.830691
广西壮族自治区南宁市,广西工业职业技术学院,108.307526,22.845654
广西壮族自治区南宁市,广西国际商务职业技术学院,108.264205,22.847802
广西壮族自治区南宁市,广西农业职业技术学院,108.248447,22.849651
广西壮族自治区南宁市,广西建设职业技术学院,108.303482,22.844064
广西壮族自治区南宁市,广西警官高等专科学校,108.361181,22.84458
广西壮族自治区南宁市,广西经贸职业技术学院,108.367956,22.80026
广西壮族自治区南宁市,广西工商职业技术学院,108.208472,22.833697
广西壮族自治区南宁市,广西演艺职业学院,108.246474,22.578257
广西壮族自治区南宁市,广西电力职业技术学院,108.276689,22.857552
广西壮族自治区南宁市,广西经济职业学院,108.184993,23.210579
广西壮族自治区南宁市,广西卫生职业技术学院,108.378585,22.865428
广西壮族自治区钦州市,钦州学院,108.598301,21.970005
广西壮族自治区钦州市,广西英华国际职业学院,108.595136,21.970826
广西壮族自治区梧州市,梧州学院,111.323178,23.50345
广西壮族自治区梧州市,梧州职业学院,111.243592,23.474201
广西壮族自治区玉林市,玉林师范学院,110.205311,22.686645
贵州省安顺市,安顺学院,105.90914,26.249273
贵州省安顺市,安顺职业技术学院,105.949384,26.245952
贵州省毕节市,贵州工程应用技术学院（原毕节学院）,105.321245,27.299998
贵州省毕节市,毕节职业技术学院,105.323743,27.303954
贵州省贵阳市,贵州职业技术学院,106.613422,26.611311
贵州省贵阳市,贵州大学,106.679274,26.450557
贵州省贵阳市,贵阳医学院,106.721204,26.604326
贵州省贵阳市,贵阳中医学院,106.729576,26.580015
贵州省贵阳市,贵州师范大学,106.728227,26.594368
贵州省贵阳市,贵州财经大学,106.649609,26.381735
贵州省贵阳市,贵州民族大学,106.676328,26.470165
贵州省贵阳市,贵阳学院,106.781646,26.561977
贵州省贵阳市,贵州师范学院,106.804143,26.648773
贵州省贵阳市,贵州理工学院,106.662582,26.566388
贵州省贵阳市,贵州商业高等专科学校,106.717648,26.605803
贵州省贵阳市,贵州警官职业学院,106.782993,26.559545
贵州省贵阳市,贵州交通职业技术学院,106.656067,26.607483
贵州省贵阳市,贵州工业职业技术学院,106.654569,26.610519
贵州省贵阳市,贵州电力职业技术学院,106.438696,26.552637
贵州省贵阳市,贵州轻工职业技术学院,106.632113,26.390652
贵州省贵阳市,贵阳护理职业学院,106.611851,26.62377
贵州省贵阳市,贵阳职业技术学院,106.611851,26.62377
贵州省贵阳市,贵州工商职业学院,106.460207,26.561629
贵州省贵阳市,贵阳幼儿师范高等专科学校,106.481865,26.587381
贵州省贵阳市,贵州建设职业技术学院,106.668237,26.615187
贵州省六盘水市,六盘水师范学院,104.827081,26.582406
贵州省六盘水市,六盘水职业技术学院,104.800061,26.614137
贵州省黔东南苗族侗族自治州,凯里学院,107.898572,26.532712
贵州省黔东南苗族侗族自治州,贵州电子信息职业技术学院,107.998185,26.588617
贵州省黔东南苗族侗族自治州,黔东南民族职业技术学院,107.905144,26.534991
贵州省黔东南苗族侗族自治州[,黔南民族幼儿师范高等专科学校（原黔南贵定师范学校）,107.244824,26.597162
贵州省黔南布依族苗族自治州,黔南民族师范学院,107.526773,26.299544
贵州省黔南布依族苗族自治州,黔南民族医学高等专科学校,107.532039,26.243189
贵州省黔南布依族苗族自治州,黔南民族职业技术学院,107.462886,26.310702
贵州省黔南布依族苗族自治州,贵州盛华职业学院,106.602342,26.074226
贵州省黔西南布依族苗族自治州,兴义民族师范学院,104.90823,25.09825
贵州省黔西南布依族苗族自治州,黔西南民族职业技术学院,104.953714,25.079033
贵州省铜仁市,铜仁学院,109.206968,27.737374
贵州省铜仁市,铜仁职业技术学院,109.206311,27.741986
贵州省铜仁市,铜仁幼儿师范高等专科学校,109.044332,27.639981
贵州省遵义市,遵义师范学院,106.921917,27.713184
贵州省遵义市,遵义医学院,106.951507,27.714423
贵州省遵义市,贵州航天职业技术学院,106.945206,27.702366
贵州省遵义市,遵义职业技术学院,107.05182,27.71643
贵州省遵义市,遵义医药高等专科学校,106.920315,27.707675
海南省海口市,海南大学,110.335232,20.06231
海南省海口市,海南师范大学,110.351244,20.002233
海南省海口市,海南医学院,110.340145,19.987626
海南省海口市,海口经济学院,110.491967,19.973162
海南省海口市,海南职业技术学院,110.317237,20.002683
海南省海口市,海南政法职业学院,110.384981,19.988704
海南省海口市,琼台师范高等专科学校,110.36416,20.004534
海南省海口市,海南经贸职业技术学院,110.525748,19.987897
海南省海口市,海南工商职业学院,110.37642,20.016592
海南省海口市,海南科技职业学院,110.414978,20.049118
海南省海南省直辖县级行政单位,琼州学院,109.526589,18.79044
海南省海南省直辖县级行政单位,海南软件职业技术学院,110.480711,19.257461
海南省海南省直辖县级行政单位,海南外国语职业学院,110.771429,19.609479
海南省三亚市,三亚学院,109.567235,18.334562
海南省三亚市,三亚城市职业学院,109.52265,18.323957
海南省三亚市,三亚航空旅游职业学院,109.498359,18.296293
海南省三亚市,三亚理工职业学院,109.563707,18.344282
河北省保定市,河北科技学院,115.498772,38.820559
河北省保定市,河北工艺美术职业学院,115.496434,38.888808
河北省保定市,河北大学,115.524127,38.879118
河北省保定市,河北农业大学,115.489997,38.856349
河北省保定市,保定学院,115.584311,38.88668
河北省保定市,河北金融学院,115.505263,38.925539
河北省保定市,中央司法警官学院,115.520976,38.887137
河北省保定市,河北软件职业技术学院,115.517138,38.873086
河北省保定市,保定职业技术学院,115.477147,38.865438
河北省保定市,保定电力职业技术学院,115.458005,38.857986
河北省保定市,冀中职业学院,115.007429,38.522158
河北省保定市,保定幼儿师范高等专科学校,115.930648,39.479258
河北省沧州市,渤海理工职业学院,117.32299,38.396943
河北省沧州市,沧州师范学院,116.789657,38.29307
河北省沧州市,河北工程技术高等专科学校,116.849401,38.316465
河北省沧州市,沧州职业技术学院,116.826248,38.288277
河北省沧州市,渤海石油职业学院,116.064677,38.725775
河北省沧州市,沧州医学高等专科学校,116.809229,38.294344
河北省沧州市,泊头职业学院,116.577088,38.081054
河北省承德市,河北旅游职业学院,117.933822,40.992518
河北省承德市,承德医学院,117.961894,41.03931
河北省承德市,河北民族师范学院,117.965439,40.901906
河北省承德市,承德石油高等专科学校,117.968481,40.90453
河北省承德市,承德护理职业学院,117.960202,40.95808
河北省邯郸市,河北工程大学,114.508404,36.624403
河北省邯郸市,邯郸学院,114.51601,36.58303
河北省邯郸市,邯郸职业技术学院,114.518649,36.590782
河北省衡水市,衡水学院,115.668887,37.750124
河北省衡水市,衡水职业技术学院,115.687794,37.705365
河北省廊坊市,北京北大方正软件职业技术学院,116.747548,39.621014
河北省廊坊市,廊坊师范学院,116.678958,39.532078
河北省廊坊市,华北科技学院,116.811218,39.961175
河北省廊坊市,北华航天工业学院,116.738807,39.534095
河北省廊坊市,防灾科技学院,116.807599,39.959585
河北省廊坊市,燕京理工学院,116.810315,40.005133
河北省廊坊市,河北石油职业技术学院,116.68768,39.527848
河北省廊坊市,廊坊职业技术学院,116.757407,39.600676
河北省廊坊市,廊坊东方职业技术学院,116.757365,39.60078
河北省廊坊市,廊坊燕京职业技术学院,116.997086,39.976416
河北省廊坊市,廊坊卫生职业学院,116.743267,39.614921
河北省秦皇岛市,燕山大学,119.544697,39.910159
河北省秦皇岛市,河北科技师范学院,119.554432,39.916039
河北省秦皇岛市,河北建材职业技术学院,119.566046,39.917769
河北省秦皇岛市,秦皇岛职业技术学院,119.487919,39.842709
河北省秦皇岛市,河北外国语职业学院,119.433586,39.806468
河北省石家庄市,河北中医学院,114.460021,38.014233
河北省石家庄市,河北公安警察职业学院,114.477851,38.006258
河北省石家庄市,石家庄经济学院,114.555047,38.025888
河北省石家庄市,河北科技大学,114.530017,37.982485
河北省石家庄市,河北医科大学,114.541916,38.051267
河北省石家庄市,河北师范大学,114.527955,38.002
河北省石家庄市,石家庄学院,114.606131,38.027203
河北省石家庄市,石家庄铁道大学,114.515388,38.088601
河北省石家庄市,河北体育学院,114.507269,38.129209
河北省石家庄市,河北经贸大学,114.501883,38.141371
河北省石家庄市,河北传媒学院,114.668188,37.912641
河北省石家庄市,河北工程技术学院,114.47301,37.989531
河北省石家庄市,河北美术学院,114.725491,38.350571
河北省石家庄市,河北外国语学院,114.462749,38.002363
河北省石家庄市,河北工业职业技术学院,114.468076,37.984973
河北省石家庄市,石家庄职业技术学院,114.414536,38.051494
河北省石家庄市,河北政法职业学院,114.468216,38.14367
河北省石家庄市,石家庄铁路职业技术学院,114.533007,38.094281
河北省石家庄市,石家庄工程职业学院,114.444219,38.176106
河北省石家庄市,石家庄城市经济职业学院,114.704896,38.051203
河北省石家庄市,河北省艺术职业学院,114.524615,38.043268
河北省石家庄市,石家庄财经职业学院,114.444407,38.174617
河北省石家庄市,河北交通职业技术学院,114.457346,38.018696
河北省石家庄市,河北化工医药职业技术学院,114.611311,37.995787
河北省石家庄市,石家庄信息工程职业学院,114.604496,38.041399
河北省石家庄市,石家庄邮电职业技术学院,114.538006,38.023749
河北省石家庄市,石家庄工商职业学院,114.478492,38.001154
河北省石家庄市,石家庄理工职业学院,114.361469,38.05994
河北省石家庄市,石家庄科技信息职业学院,114.465648,37.994998
河北省石家庄市,河北司法警官职业学院,114.453144,38.038998
河北省石家庄市,河北女子职业技术学院,114.455192,38.005526
河北省石家庄市,石家庄医学高等专科学校,114.417236,38.06222
河北省石家庄市,石家庄经济职业学院,114.559666,38.15241
河北省石家庄市,石家庄人民医学高等专科学校,114.462155,37.999185
河北省石家庄市,石家庄科技工程职业学院,114.573747,38.165794
河北省石家庄市,河北劳动关系职业学院,114.463262,37.994586
河北省石家庄市,石家庄科技职业学院,114.69913,38.041975
河北省石家庄市,石家庄幼儿师范高等专科学校,114.352762,38.054201
河北省石家庄市,河北轨道运输职业技术学院,114.481663,38.061737
河北省太原市,山西职业技术学院,112.59036,37.801699
河北省唐山市,河北联合大学,118.16934,39.630094
河北省唐山市,唐山师范学院,118.181119,39.679646
河北省唐山市,唐山学院,118.177317,39.664005
河北省唐山市,河北能源职业技术学院,118.133089,39.637742
河北省唐山市,唐山职业技术学院,118.139869,39.630004
河北省唐山市,唐山工业职业技术学院,118.214383,39.690675
河北省唐山市,唐山科技职业技术学院,118.24436,39.603748
河北省邢台市,邢台学院,114.511934,37.096848
河北省邢台市,邢台职业技术学院,114.466767,37.090875
河北省邢台市,邢台医学高等专科学校,114.468263,37.095106
河北省邢台市,河北机电职业技术学院,114.463647,37.101
河北省张家口市,河北建筑工程学院,114.904406,40.764219
河北省张家口市,河北北方学院,114.884933,40.773439
河北省张家口市,张家口学院,114.875186,40.848254
河北省张家口市,张家口职业技术学院,114.920667,40.741204
河北省张家口市,宣化科技职业学院,115.06009,40.626484
河南省安阳市,河南护理职业学院,114.388639,36.128186
河南省安阳市,安阳师范学院,114.376909,36.065339
河南省安阳市,安阳工学院,114.356211,36.071779
河南省安阳市,安阳职业技术学院,114.386801,36.040157
河南省安阳市,安阳幼儿师范高等专科学校,114.393017,35.943431
河南省鹤壁市,鹤壁职业技术学院,114.290412,35.718036
河南省鹤壁市,鹤壁汽车工程职业学院,114.318722,35.710168
河南省济源市,济源职业技术学院,112.607976,35.081807
河南省焦作市,河南理工大学,113.272211,35.194323
河南省焦作市,焦作大学,113.284164,35.21889
河南省焦作市,河南工业和信息化职业学院,113.292806,35.201475
河南省焦作市,焦作师范高等专科学校,113.277961,35.219141
河南省焦作市,焦作工贸职业学院,112.920444,35.090114
河南省开封市,河南大学,114.375799,34.817359
河南省开封市,开封大学,114.320167,34.80546
河南省开封市,黄河水利职业技术学院,114.325665,34.833027
河南省开封市,开封文化艺术职业学院,114.345813,34.828301
河南省洛阳市,河南科技大学,112.423898,34.613105
河南省洛阳市,洛阳师范学院,112.479106,34.661264
河南省洛阳市,洛阳理工学院,112.441969,34.612377
河南省洛阳市,河南林业职业学院,112.505501,34.693555
河南省洛阳市,河南推拿职业学院,112.432433,34.625701
河南省洛阳市,洛阳职业技术学院,112.398729,34.738092
河南省洛阳市,洛阳科技职业学院,112.298673,34.691328
河南省洛阳市,广东新安职业技术学院,112.298951,34.690415
河南省漯河市,漯河职业技术学院,114.015512,33.575157
河南省漯河市,漯河医学高等专科学校,114.102543,33.610943
河南省漯河市,漯河食品职业学院,113.99564,33.611477
河南省南阳市,南阳师范学院,112.496387,32.981917
河南省南阳市,南阳理工学院,112.556305,32.975724
河南省南阳市,河南工业职业技术学院,112.605081,33.043301
河南省南阳市,南阳医学高等专科学校,112.50936,32.981546
河南省南阳市,南阳职业学院,111.490956,33.3135
河南省南阳市,南阳农业职业学院,112.499043,32.970219
河南省平顶山市,平顶山学院,113.2172,33.75138
河南省平顶山市,河南城建学院,113.19343,33.779764
河南省平顶山市,平顶山工业职业技术学院,113.29517,33.716636
河南省平顶山市,河南质量工程职业学院,113.297247,33.719039
河南省濮阳市,濮阳职业技术学院,114.962274,35.776294
河南省三门峡市,三门峡职业技术学院,111.16796,34.795908
河南省商丘市,商丘师范学院,115.629719,34.439422
河南省商丘市,商丘工学院,115.692334,34.423411
河南省商丘市,商丘学院,115.727127,34.407657
河南省商丘市,商丘职业技术学院,115.662216,34.378889
河南省商丘市,商丘医学高等专科学校,115.624549,34.400799
河南省商丘市,永城职业学院,116.462637,33.91945
河南省新乡市,河南科技学院,113.942865,35.287363
河南省新乡市,新乡医学院,113.939694,35.290817
河南省新乡市,河南师范大学,113.919688,35.334203
河南省新乡市,新乡学院,113.948087,35.297579
河南省新乡市,河南机电高等专科学校,113.910344,35.323293
河南省新乡市,新乡职业技术学院,114.047798,35.285065
河南省新乡市,长垣烹饪职业技术学院,114.6716,35.189028
河南省信阳市,信阳师范学院,114.049682,32.139776
河南省信阳市,信阳农林学院,114.13076,32.163009
河南省信阳市,信阳职业技术学院,114.13767,32.166945
河南省信阳市,信阳涉外职业技术学院,114.888208,31.677057
河南省许昌市,许昌学院,113.875257,34.04855
河南省许昌市,许昌职业技术学院,113.890293,34.023009
河南省许昌市,许昌陶瓷职业学院,113.501813,34.179512
河南省许昌市,许昌电气职业学院,113.862848,34.073485
河南省郑州市,黄河交通学院,113.440589,35.094072
河南省郑州市,河南水利与环境职业学院,113.687557,34.806142
河南省郑州市,河南机电职业学院,113.723515,34.598375
河南省郑州市,华北水利水电大学,113.801412,34.787237
河南省郑州市,郑州大学,113.542962,34.822975
河南省郑州市,郑州轻工业学院,113.661022,34.803608
河南省郑州市,河南工业大学,113.557876,34.836472
河南省郑州市,中原工学院,113.694219,34.591177
河南省郑州市,河南农业大学,113.669781,34.79138
河南省郑州市,河南牧业经济学院,113.647803,34.869108
河南省郑州市,河南中医学院,113.708774,34.770619
河南省郑州市,河南财经政法大学,113.826659,34.787689
河南省郑州市,郑州航空工业管理学院,113.65076,34.722688
河南省郑州市,河南工程学院,113.698338,34.628678
河南省郑州市,河南警察学院,113.830567,34.79971
河南省郑州市,黄河科技学院,113.682188,34.695135
河南省郑州市,铁道警察学院,113.658424,34.794448
河南省郑州市,郑州科技学院,113.516369,34.714446
河南省郑州市,郑州工业应用技术学院,113.764309,34.418817
河南省郑州市,郑州师范学院,113.65415,34.869678
河南省郑州市,郑州财经学院,113.610883,34.867257
河南省郑州市,郑州成功财经学院,113.032148,34.764451
河南省郑州市,郑州升达经贸管理学院,113.697591,34.598947
河南省郑州市,河南职业技术学院,113.79875,34.803074
河南省郑州市,郑州铁路职业技术学院,113.659248,34.746457
河南省郑州市,中州大学,113.655977,34.868057
河南省郑州市,河南财政税务高等专科学校,113.868459,34.782813
河南省郑州市,郑州电力高等专科学校,113.907014,34.804326
河南省郑州市,河南司法警官职业学院,113.667057,34.812759
河南省郑州市,郑州澍青医学高等专科学校,113.54081,34.705003
河南省郑州市,河南检察职业学院,113.716514,34.610275
河南省郑州市,郑州信息科技职业学院,113.808786,34.80955
河南省郑州市,郑州电子信息职业技术学院,114.037405,34.708378
河南省郑州市,嵩山少林武术职业学院,113.013675,34.475304
河南省郑州市,郑州工业安全职业学院,113.692688,34.539267
河南省郑州市,河南经贸职业学院,113.805277,34.806809
河南省郑州市,河南交通职业技术学院,113.897531,34.793811
河南省郑州市,河南农业职业学院,114.02102,34.732122
河南省郑州市,郑州旅游职业学院,113.703657,34.730401
河南省郑州市,郑州职业技术学院,113.457804,34.771086
河南省郑州市,河南信息统计职业学院,113.693146,34.803926
河南省郑州市,河南工业贸易职业学院,113.692236,34.636824
河南省郑州市,郑州电力职业技术学院,113.999878,34.727887
河南省郑州市,河南建筑职业技术学院,113.530397,34.718586
河南省郑州市,郑州城市职业学院,113.34603,34.550373
河南省郑州市,郑州理工职业学院,113.715591,34.444862
河南省郑州市,郑州信息工程职业学院,113.46638,34.749682
河南省郑州市,河南化工职业学院,113.545887,34.77964
河南省郑州市,河南艺术职业学院,113.671127,34.812492
河南省郑州市,郑州商贸旅游职业学院,113.508699,34.768884
河南省郑州市,郑州幼儿师范高等专科学校,113.67768,34.767528
河南省郑州市,郑州黄河护理职业学院,113.53362,34.792121
河南省郑州市,河南医学高等专科学校,113.714019,34.616848
河南省郑州市,郑州财税金融职业学院,113.724042,34.713015
河南省周口市,周口师范学院,114.689634,33.640847
河南省周口市,周口职业技术学院,114.628443,33.650329
河南省周口市,周口科技职业学院,114.734257,33.636977
河南省驻马店市,黄淮学院,114.012996,33.016823
河南省驻马店市,驻马店职业技术学院,114.008074,33.008815
黑龙江省大庆市,东北石油大学,125.15579,46.59809
黑龙江省大庆市,黑龙江八一农垦大学,125.174953,46.593972
黑龙江省大庆市,大庆师范学院,124.868783,46.645898
黑龙江省大庆市,大庆职业学院,125.155608,46.68175
黑龙江省大庆市,大庆医学高等专科学校,125.056927,46.606461
黑龙江省哈尔滨市,黑龙江职业学院,126.609694,45.757256
黑龙江省哈尔滨市,黑龙江公安警官职业学院,126.545637,45.876184
黑龙江省哈尔滨市,黑龙江大学,126.63383,45.713995
黑龙江省哈尔滨市,哈尔滨工业大学,126.639026,45.753596
黑龙江省哈尔滨市,哈尔滨理工大学,126.621057,45.721892
黑龙江省哈尔滨市,哈尔滨工程大学,126.688844,45.781631
黑龙江省哈尔滨市,黑龙江科技大学,126.65887,45.825762
黑龙江省哈尔滨市,东北农业大学,126.73397,45.748446
黑龙江省哈尔滨市,东北林业大学,126.644728,45.72658
黑龙江省哈尔滨市,哈尔滨医科大学,126.626887,45.704422
黑龙江省哈尔滨市,黑龙江中医药大学,126.654798,45.732066
黑龙江省哈尔滨市,哈尔滨师范大学,126.566119,45.867041
黑龙江省哈尔滨市,哈尔滨学院,126.61323,45.71256
黑龙江省哈尔滨市,哈尔滨商业大学,126.570784,45.824525
黑龙江省哈尔滨市,哈尔滨体育学院,126.683881,45.766229
黑龙江省哈尔滨市,哈尔滨金融学院,126.742923,45.729046
黑龙江省哈尔滨市,黑龙江东方学院,126.625564,45.667853
黑龙江省哈尔滨市,哈尔滨信息工程学院,126.505415,45.882515
黑龙江省哈尔滨市,黑龙江工程学院,126.695691,45.791963
黑龙江省哈尔滨市,黑龙江外国语学院,126.557211,45.862278
黑龙江省哈尔滨市,黑龙江财经学院,126.497443,45.881624
黑龙江省哈尔滨市,哈尔滨石油学院,126.567014,45.853233
黑龙江省哈尔滨市,哈尔滨远东理工学院,126.534941,45.871923
黑龙江省哈尔滨市,哈尔滨剑桥学院,126.664913,45.661233
黑龙江省哈尔滨市,哈尔滨广厦学院,126.556807,45.879535
黑龙江省哈尔滨市,哈尔滨华德学院,126.54741,45.881267
黑龙江省哈尔滨市,黑龙江建筑职业技术学院,126.51031,45.880865
黑龙江省哈尔滨市,黑龙江艺术职业学院,126.626181,45.738244
黑龙江省哈尔滨市,黑龙江农业工程职业学院,126.559515,45.678818
黑龙江省哈尔滨市,黑龙江农垦职业学院,126.53544,45.881467
黑龙江省哈尔滨市,黑龙江司法警官职业学院,126.628914,45.653371
黑龙江省哈尔滨市,哈尔滨电力职业技术学院,126.704456,45.73981
黑龙江省哈尔滨市,哈尔滨铁道职业技术学院,126.633171,45.706801
黑龙江省哈尔滨市,哈尔滨职业技术学院,126.657405,45.672476
黑龙江省哈尔滨市,哈尔滨传媒职业学院,126.524428,45.584999
黑龙江省哈尔滨市,黑龙江生物科技职业学院,126.534821,45.872971
黑龙江省哈尔滨市,黑龙江信息技术职业学院,126.528157,45.877985
黑龙江省哈尔滨市,哈尔滨江南职业技术学院,126.806942,45.646649
黑龙江省哈尔滨市,黑龙江农垦科技职业学院,127.197905,45.756785
黑龙江省哈尔滨市,黑龙江旅游职业技术学院,126.627974,45.673685
黑龙江省哈尔滨市,黑龙江生态工程职业学院,126.507939,45.882132
黑龙江省哈尔滨市,黑龙江民族职业学院,126.661484,45.581397
黑龙江省哈尔滨市,哈尔滨应用职业技术学院,126.428854,45.65695
黑龙江省哈尔滨市,哈尔滨科学技术职业学院,126.96728,45.549204
黑龙江省哈尔滨市,黑龙江粮食职业学院,126.616763,45.736784
黑龙江省哈尔滨市,黑龙江护理高等专科学校,126.621659,45.694281
黑龙江省哈尔滨市,哈尔滨工程技术职业学院,126.661248,45.636743
黑龙江省哈尔滨市,哈尔滨幼儿师范高等专科学校,126.630151,45.735784
黑龙江省鹤岗市,鹤岗师范高等专科学校,130.510269,47.405354
黑龙江省黑河市,黑河学院,127.550601,50.233596
黑龙江省鸡西市,黑龙江工业学院,130.968434,45.288982
黑龙江省佳木斯市,佳木斯大学,130.368449,46.791996
黑龙江省佳木斯市,黑龙江农业职业技术学院,130.406055,46.807091
黑龙江省佳木斯市,黑龙江三江美术职业学院,129.971696,46.698854
黑龙江省佳木斯市,佳木斯职业学院,130.332321,46.800948
黑龙江省牡丹江市,牡丹江医学院,129.586187,44.609194
黑龙江省牡丹江市,牡丹江师范学院,129.570187,44.59216
黑龙江省牡丹江市,牡丹江大学,129.577411,44.59917
黑龙江省牡丹江市,黑龙江林业职业技术学院,129.57372,44.595537
黑龙江省牡丹江市,黑龙江农业经济职业学院,129.520329,44.42956
黑龙江省牡丹江市,黑龙江商业职业学院,129.595019,44.597186
黑龙江省牡丹江市,黑龙江幼儿师范高等专科学校,129.597364,44.608296
黑龙江省七台河市,七台河职业学院,131.045345,45.7839
黑龙江省齐齐哈尔市,齐齐哈尔大学,123.936391,47.357023
黑龙江省齐齐哈尔市,齐齐哈尔医学院,123.961415,47.382912
黑龙江省齐齐哈尔市,齐齐哈尔工程学院,123.971668,47.309137
黑龙江省齐齐哈尔市,齐齐哈尔高等师范专科学校,123.981116,47.321624
黑龙江省齐齐哈尔市,黑龙江交通职业技术学院,123.986708,47.348739
黑龙江省齐齐哈尔市,齐齐哈尔理工职业学院,123.61284,47.223069
黑龙江省双鸭山市,黑龙江煤炭职业技术学院,131.116027,46.603712
黑龙江省绥化市,绥化学院,126.983961,46.630398
黑龙江省伊春市,伊春职业学院,128.879511,47.724876
湖北省鄂州市,鄂州职业大学,114.902486,30.386542
湖北省恩施土家族苗族自治州,湖北民族学院,109.509205,30.300185
湖北省恩施土家族苗族自治州,恩施职业技术学院,109.502276,30.298938
湖北省湖北省直辖县级行政单位,仙桃职业学院,113.433759,30.34326
湖北省湖北省直辖县级行政单位,江汉艺术职业学院,112.911595,30.427415
湖北省湖北省直辖县级行政单位,天门职业学院,113.18944,30.673746
湖北省黄冈市,黄冈师范学院,114.884177,30.457834
湖北省黄冈市,黄冈职业技术学院,115.003058,30.438578
湖北省黄冈市,鄂东职业技术学院,114.932983,30.456099
湖北省黄冈市,黄冈科技职业学院,114.899816,30.457398
湖北省黄石市,湖北理工学院（黄石理工学院）,115.032438,30.214695
湖北省黄石市,湖北工程职业学院,115.030993,30.190631
湖北省黄石市,湖北师范学院,115.07037,30.236968
湖北省荆门市,荆楚理工学院,112.202381,31.049667
湖北省荆州市,长江大学,112.221968,30.338725
湖北省荆州市,荆州理工职业学院,112.259816,30.334346
湖北省荆州市,荆州职业技术学院,112.20798,30.338297
湖北省荆州市,湖北中医药高等专科学校,112.177625,30.341235
湖北省十堰市,湖北医药学院（原郧阳医学院）,110.78948,32.629432
湖北省十堰市,湖北汽车工业学院,110.74677,32.656688
湖北省十堰市,郧阳师范高等专科学校,110.795024,32.622605
湖北省十堰市,湖北工业职业技术学院,110.806945,32.628002
湖北省随州市,随州职业技术学院,113.369793,31.675605
湖北省武汉市,中国地质大学（武汉）,114.409031,30.526561
湖北省武汉市,汉口学院,114.323339,30.424955
湖北省武汉市,文华学院,114.444249,30.500932
湖北省武汉市,湖北国土资源职业学院,114.057295,30.324963
湖北省武汉市,武汉大学,114.37139,30.544742
湖北省武汉市,华中科技大学,114.420319,30.519064
湖北省武汉市,武汉科技大学,114.37746,30.628216
湖北省武汉市,武汉工程大学,114.397714,30.508027
湖北省武汉市,武汉纺织大学,114.404835,30.491581
湖北省武汉市,武汉轻工大学,114.253232,30.643294
湖北省武汉市,武汉理工大学,114.358518,30.525667
湖北省武汉市,湖北工业大学,114.315352,30.485528
湖北省武汉市,华中农业大学,114.364494,30.480121
湖北省武汉市,湖北中医药大学,114.275456,30.454542
湖北省武汉市,华中师范大学,114.369487,30.522385
湖北省武汉市,湖北大学,114.3386,30.584771
湖北省武汉市,中南财经政法大学,114.391793,30.478705
湖北省武汉市,武汉体育学院,114.384322,30.526087
湖北省武汉市,湖北美术学院,114.428698,30.401588
湖北省武汉市,中南民族大学,114.402072,30.493192
湖北省武汉市,湖北工程学院,114.470514,30.537036
湖北省武汉市,江汉大学,114.1663,30.515828
湖北省武汉市,湖北警官学院,114.210829,30.607867
湖北省武汉市,武汉音乐学院,114.301861,30.543506
湖北省武汉市,湖北经济学院,114.442464,30.423873
湖北省武汉市,武汉商学院,114.094035,30.466068
湖北省武汉市,武汉东湖学院,114.323385,30.428186
湖北省武汉市,武昌理工学院,114.376434,30.423141
湖北省武汉市,武汉生物工程学院,114.533092,30.717244
湖北省武汉市,武昌工学院,114.291962,30.491247
湖北省武汉市,武汉工商学院,114.278572,30.464667
湖北省武汉市,武汉工程科技学院,114.340826,30.353444
湖北省武汉市,湖北第二师范学院,114.456428,30.486307
湖北省武汉市,武汉职业技术学院,114.422796,30.489808
湖北省武汉市,长江职业学院,114.402704,30.503173
湖北省武汉市,武汉城市职业学院,114.329768,30.482268
湖北省武汉市,武汉船舶职业技术学院,114.241792,30.574013
湖北省武汉市,武汉工贸职业学院,114.421948,30.535792
湖北省武汉市,武汉工程职业技术学院,114.554688,30.719379
湖北省武汉市,湖北轻工职业技术学院,114.352009,30.528428
湖北省武汉市,湖北交通职业技术学院,114.378696,30.514607
湖北省武汉市,武汉航海职业技术学院,114.333797,30.583263
湖北省武汉市,武汉铁路职业技术学院,114.415435,30.437877
湖北省武汉市,武汉软件工程职业学院,114.433694,30.4503
湖北省武汉市,武汉电力职业技术学院,114.373489,30.530683
湖北省武汉市,湖北水利水电职业技术学院,114.345847,30.49737
湖北省武汉市,湖北城市建设职业技术学院,114.443373,30.408955
湖北省武汉市,武汉警官职业学院,114.133683,30.631898
湖北省武汉市,湖北生物科技职业学院,114.350375,30.467624
湖北省武汉市,湖北开放职业学院,114.40447,30.50567
湖北省武汉市,武汉科技职业学院,114.368592,30.608147
湖北省武汉市,武汉外语外事职业学院,114.433731,30.590234
湖北省武汉市,武汉信息传播职业技术学院,114.382002,30.409585
湖北省武汉市,武昌职业学院,114.409557,30.378933
湖北省武汉市,武汉商贸职业学院,114.466051,30.441917
湖北省武汉市,湖北艺术职业学院,114.353241,30.534011
湖北省武汉市,武汉交通职业学院,114.271971,30.433853
湖北省武汉市,长江工程职业技术学院,114.322586,30.40862
湖北省武汉市,武汉工业职业技术学院,114.317559,30.448751
湖北省武汉市,武汉民政职业学院,114.384475,30.513293
湖北省武汉市,湖北财税职业学院,114.30536,30.520573
湖北省武汉市,湖北生态工程职业技术学院,114.343105,30.351013
湖北省武汉市,湖北科技职业学院,114.411275,30.477686
湖北省武汉市,湖北青年职业学院,114.376914,30.512585
湖北省武汉市,湖北体育职业学院,114.455643,30.494374
湖北省武汉市,湖北幼儿师范高等专科学校,114.334884,30.543172
湖北省咸宁市,湖北科技学院,114.344115,29.854877
湖北省咸宁市,咸宁职业技术学院,114.321834,29.831656
湖北省襄阳市,湖北文理学院,112.048508,32.007453
湖北省襄阳市,襄阳职业技术学院,112.086795,32.012558
湖北省襄阳市,襄阳汽车职业技术学院,112.100287,31.958365
湖北省孝感市,湖北职业技术学院,113.931518,30.913094
湖北省宜昌市,三峡大学,111.313018,30.694756
湖北省宜昌市,湖北三峡职业技术学院,111.318864,30.698273
湖北省宜昌市,三峡电力职业学院,111.313482,30.712719
湖北省宜昌市,三峡旅游职业技术学院,111.435937,30.670042
湖南省常德市,湖南应用技术学院（原湖南同德职业学院）,111.699498,28.995107
湖南省常德市,湖南高尔夫旅游职业学院,111.950291,28.819026
湖南省常德市,湖南幼儿师范高等专科学校,111.683101,29.040945
湖南省常德市,湖南文理学院,111.679293,29.050063
湖南省常德市,常德职业技术学院,111.648662,29.041837
湖南省郴州市,湘南幼儿师范高等专科学校（原郴州师范学校）,113.027326,25.844657
湖南省郴州市,湘南学院,113.108243,25.790317
湖南省郴州市,郴州职业技术学院,113.099081,25.788048
湖南省衡阳市,湖南交通工程学院（原湖南科技经贸职业学院）,112.510998,26.918033
湖南省衡阳市,湖南工商职业学院,112.626362,26.972306
湖南省衡阳市,衡阳师范学院,112.6827,26.886065
湖南省衡阳市,南华大学,112.595451,26.904607
湖南省衡阳市,湖南环境生物职业技术学院,112.621266,27.004104
湖南省衡阳市,衡阳财经工业职业技术学院,112.654738,26.905002
湖南省衡阳市,湖南高速铁路职业技术学院,112.707554,26.885815
湖南省怀化市,湖南医药学院,110.007746,27.545662
湖南省怀化市,怀化学院,110.029518,27.579168
湖南省怀化市,怀化职业技术学院,109.940556,27.539296
湖南省娄底市,湖南人文科技学院,112.010507,27.717741
湖南省娄底市,娄底职业技术学院,112.029819,27.745999
湖南省娄底市,潇湘职业学院,111.991725,27.76836
湖南省邵阳市,邵阳学院,111.446525,27.204767
湖南省邵阳市,邵阳职业技术学院,111.43597,27.19855
湖南省邵阳市,邵阳医学高等专科学校,111.459329,27.23702
湖南省湘潭市,湖南城建职业技术学院（高新校区）,112.956833,27.821295
湖南省湘潭市,湖南城建职业技术学院（新湖校区）,113.017783,27.918278
湖南省湘潭市,湖南吉利汽车职业技术学院,112.946962,27.916682
湖南省湘潭市,湘潭大学,112.872495,27.889371
湖南省湘潭市,湖南科技大学,112.92135,27.914982
湖南省湘潭市,湖南工程学院,112.934054,27.819394
湖南省湘潭市,湖南工学院,112.934106,27.818707
湖南省湘潭市,湘潭职业技术学院,112.956009,27.847098
湖南省湘潭市,湖南理工职业技术学院,112.927673,27.84289
湖南省湘潭市,湖南软件职业学院,112.93887,27.914216
湖南省湘潭市,湖南电气职业技术学院,112.930218,27.816974
湖南省湘潭市,湖南科技工业职业技术学院,112.656178,27.851929
湖南省湘西土家族苗族自治州,吉首大学,109.732183,28.293464
湖南省湘西土家族苗族自治州,湘西民族职业技术学院,109.684506,28.234948
湖南省益阳市,湖南城市学院,112.396856,28.547046
湖南省益阳市,益阳职业技术学院,112.256826,28.68635
湖南省益阳市,湖南工艺美术职业学院,112.341694,28.581047
湖南省益阳市,益阳医学高等专科学校,112.402201,28.543136
湖南省永州市,湖南科技学院,111.61279,26.210828
湖南省永州市,永州职业技术学院,111.603114,26.466454
湖南省永州市,湖南九嶷职业技术学院,111.6347,26.392221
湖南省岳阳市,湖南石油化工职业技术学院,113.360964,29.535531
湖南省岳阳市,湖南理工学院,113.15256,29.346337
湖南省岳阳市,岳阳职业技术学院,113.120217,29.379074
湖南省岳阳市,湖南民族职业学院,113.158251,29.303881
湖南省张家界市,张家界航空工业职业技术学院,110.495625,29.133088
湖南省长沙市,湖南工业职业技术学院,112.917326,28.144234
湖南省长沙市,湖南大众传媒职业技术学院,113.083724,28.262592
湖南省长沙市,湖南科技职业学院,113.032145,28.127486
湖南省长沙市,湖南邮电职业技术学院,112.983616,28.166169
湖南省长沙市,湖南城建职业技术学院（南湖校区）,112.982615,28.169027
湖南省长沙市,湖南大学,112.950477,28.185044
湖南省长沙市,中南大学,112.938031,28.174257
湖南省长沙市,长沙理工大学,112.985391,28.160835
湖南省长沙市,湖南农业大学,113.088974,28.184996
湖南省长沙市,中南林业科技大学,113.004217,28.138946
湖南省长沙市,湖南中医药大学,112.900852,28.135036
湖南省长沙市,湖南师范大学,112.945479,28.172227
湖南省长沙市,湖南商学院,112.926498,28.222735
湖南省长沙市,长沙医学院,112.880994,28.303141
湖南省长沙市,长沙学院,113.001074,28.150636
湖南省长沙市,湖南财政经济学院,112.931953,28.210639
湖南省长沙市,湖南警察学院,113.136765,28.224883
湖南省长沙市,湖南女子学院,113.014507,28.123034
湖南省长沙市,湖南第一师范学院,112.874445,28.202649
湖南省长沙市,湖南涉外经济学院,112.882166,28.206716
湖南省长沙市,长沙师范学院,113.089718,28.261526
湖南省长沙市,湖南信息学院,113.092118,28.326013
湖南省长沙市,长沙民政职业技术学院,113.0189,28.145046
湖南省长沙市,湖南信息职业技术学院,112.824447,28.347331
湖南省长沙市,湖南税务高等专科学校,113.014827,28.114114
湖南省长沙市,长沙航空职业技术学院,113.050798,28.034911
湖南省长沙市,湖南生物机电职业技术学院,113.077486,28.207408
湖南省长沙市,湖南交通职业技术学院,113.191779,28.146885
湖南省长沙市,湖南商务职业技术学院,112.906466,28.240668
湖南省长沙市,湖南体育职业学院,113.045348,28.153892
湖南省长沙市,湖南工程职业技术学院,113.07524,28.281695
湖南省长沙市,保险职业学院,113.006624,28.098644
湖南省长沙市,湖南外贸职业学院,112.918177,28.364751
湖南省长沙市,湖南网络工程职业学院,112.997129,28.138859
湖南省长沙市,湖南司法警官职业学院,113.101507,28.214602
湖南省长沙市,长沙商贸旅游职业技术学院,113.050119,28.077978
湖南省长沙市,长沙环境保护职业技术学院,113.029627,28.135426
湖南省长沙市,湖南艺术职业学院,112.928777,28.217489
湖南省长沙市,湖南机电职业技术学院,113.06482,28.268151
湖南省长沙市,长沙职业技术学院,112.846978,28.220745
湖南省长沙市,长沙南方职业学院,112.91542,28.156145
湖南省长沙市,长沙电力职业技术学院,113.115722,28.22649
湖南省长沙市,湖南水利水电职业技术学院,113.113732,28.219973
湖南省长沙市,湖南现代物流职业技术学院,113.103032,28.219568
湖南省长沙市,湖南安全技术职业学院,113.06423,28.275087
湖南省长沙市,湖南外国语职业学院,113.017597,28.114289
湖南省长沙市,湖南都市职业学院,113.189126,28.228105
湖南省长沙市,湖南电子科技职业学院,112.829193,28.210544
湖南省长沙市,湖南三一工业职业技术学院,113.142988,28.192335
湖南省长沙市,长沙卫生职业学院,113.09106,28.263753
湖南省长沙市,湖南食品药品职业学院,112.89736,28.127677
湖南省长沙市,湖南劳动人事职业学院,113.078158,28.206199
湖南省株洲市,湖南铁道职业技术学院,113.135064,27.886042
湖南省株洲市,湖南化工职业技术学院,113.104291,27.897185
湖南省株洲市,湖南有色金属职业技术学院,113.172682,27.905214
湖南省株洲市,湖南工业大学,113.178111,27.835758
湖南省株洲市,株洲师范高等专科学校,113.131624,27.823033
湖南省株洲市,湖南冶金职业技术学院,113.17226,27.858261
湖南省株洲市,湖南中医药高等专科学校,113.190326,27.825248
湖南省株洲市,湖南汽车工程职业学院,113.15048,27.887056
湖南省株洲市,湖南铁路科技职业技术学院,113.167901,27.911327
吉林省白城市,白城师范学院,122.816632,45.620841
吉林省白城市,白城医学高等专科学校,122.806708,45.614524
吉林省白城市,白城职业技术学院,122.812336,45.646863
吉林省白山市,长白山职业技术学院,126.421894,41.938586
吉林省吉林市,东北电力大学,126.510879,43.829413
吉林省吉林市,吉林化工学院,126.625332,43.906461
吉林省吉林市,北华大学,126.609359,43.840949
吉林省吉林市,吉林农业科技学院,126.485636,43.962285
吉林省吉林市,吉林医药学院,126.571192,43.810837
吉林省吉林市,吉林司法警官职业学院,127.351784,43.729639
吉林省吉林市,吉林电子信息职业技术学院,126.56805,43.929293
吉林省吉林市,吉林工业职业技术学院,126.579088,43.831065
吉林省吉林市,吉林工程职业学院,126.579458,43.831481
吉林省吉林市,吉林铁道职业技术学院,126.555364,43.720877
吉林省辽源市,辽源职业技术学院,125.161379,42.946201
吉林省四平市,吉林师范大学,124.350798,43.162921
吉林省四平市,四平职业大学,124.437964,43.09769
吉林省松原市,松原职业技术学院,124.864632,45.178518
吉林省通化市,通化师范学院,125.993441,41.753381
吉林省延边朝鲜族自治州,延边大学,129.499039,42.916793
吉林省延边朝鲜族自治州,延边职业技术学院,129.534615,42.820357
吉林省长春市,吉林警察学院,125.419817,43.831475
吉林省长春市,吉林科技职业技术学院,125.518852,43.873061
吉林省长春市,吉林城市职业技术学院,125.274282,44.014944
吉林省长春市,吉林大学,125.287352,43.829056
吉林省长春市,长春理工大学,125.317234,43.841723
吉林省长春市,长春工业大学,125.296,43.860453
吉林省长春市,吉林建筑大学,125.413685,43.801709
吉林省长春市,吉林农业大学,125.418193,43.816978
吉林省长春市,长春中医药大学,125.426453,43.834961
吉林省长春市,东北师范大学,125.337277,43.867238
吉林省长春市,吉林工程技术师范学院,125.327087,43.945613
吉林省长春市,长春师范大学,125.402986,43.921203
吉林省长春市,吉林财经大学,125.437785,43.825576
吉林省长春市,吉林体育学院,125.35348,43.890605
吉林省长春市,吉林艺术学院,125.28887,43.865678
吉林省长春市,吉林华桥外国语学院,125.448263,43.82795
吉林省长春市,吉林工商学院,125.545445,43.998578
吉林省长春市,长春工程学院,125.291261,43.858256
吉林省长春市,长春大学,125.327992,43.840175
吉林省长春市,长春光华学院,125.440734,43.882938
吉林省长春市,长春财经学院,125.421006,43.795768
吉林省长春市,长春建筑学院,125.52904,43.702865
吉林省长春市,长春科技学院,125.676401,43.542135
吉林省长春市,吉林动画学院,125.269345,43.826682
吉林省长春市,长春汽车工业高等专科学校,125.15306,43.835825
吉林省长春市,长春金融高等专科学校,125.333327,43.845143
吉林省长春市,长春医学高等专科学校,125.435183,43.891449
吉林省长春市,吉林交通职业技术学院,125.272568,43.847224
吉林省长春市,长春东方职业学院,125.415855,43.827202
吉林省长春市,长春职业技术学院,125.373529,43.837035
吉林省长春市,长春信息技术职业学院,125.219782,43.780423
江苏省常州市,常州大学,119.925913,31.758923
江苏省常州市,常州工学院,119.973422,31.812507
江苏省常州市,江苏理工学院,119.925913,31.758923
江苏省常州市,常州信息职业技术学院,119.961397,31.684339
江苏省常州市,常州纺织服装职业技术学院,119.946169,31.689624
江苏省常州市,常州轻工职业技术学院,119.946214,31.684547
江苏省常州市,常州工程职业技术学院,119.954113,31.690999
江苏省常州市,建东职业技术学院,119.998112,31.831567
江苏省常州市,常州机电职业技术学院,119.953917,31.684401
江苏省淮安市,淮阴师范学院,119.013622,33.647564
江苏省淮安市,淮阴工学院,119.042171,33.558341
江苏省淮安市,淮安信息职业技术学院,119.053194,33.558266
江苏省淮安市,炎黄职业技术学院,119.30903,33.789733
江苏省淮安市,江苏食品药品职业技术学院,119.053049,33.55276
江苏省淮安市,江苏财经职业技术学院,119.066259,33.556619
江苏省昆山市,昆山杜克大学,120.90476,31.421351
江苏省连云港市,淮海工学院,119.228426,34.611902
江苏省连云港市,连云港职业技术学院,119.248019,34.668078
江苏省连云港市,连云港师范高等专科学校,119.236461,34.651925
江苏省南京市,江苏联合职业技术学院,118.779411,32.064141
江苏省南京市,江苏城市职业学院,118.753593,32.025677
江苏省南京市,南京大学,118.78711,32.059475
江苏省南京市,东南大学,118.800002,32.061518
江苏省南京市,南京航空航天大学,118.823973,32.040752
江苏省南京市,南京理工大学,118.863691,32.032779
江苏省南京市,南京工业大学,118.650869,32.077849
江苏省南京市,南京邮电大学,118.937391,32.11451
江苏省南京市,河海大学,118.763405,32.060049
江苏省南京市,南京林业大学,118.824782,32.083869
江苏省南京市,南京信息工程大学,118.729585,32.210505
江苏省南京市,南京农业大学,118.850143,32.039031
江苏省南京市,南京医科大学,118.781162,32.050592
江苏省南京市,南京中医药大学,118.951291,32.109258
江苏省南京市,中国药科大学,118.922915,31.90712
江苏省南京市,南京师范大学,118.775625,32.059536
江苏省南京市,南京财经大学,118.929516,32.111597
江苏省南京市,江苏警官学院,118.6642,32.098682
江苏省南京市,南京体育学院,118.873723,32.049085
江苏省南京市,南京艺术学院,118.760908,32.067309
江苏省南京市,三江学院,118.758645,31.963527
江苏省南京市,南京工程学院,118.88653,31.928161
江苏省南京市,南京审计学院,118.615615,32.068226
江苏省南京市,南京晓庄学院,118.908415,31.899242
江苏省南京市,南京森林警察学院,118.924316,32.113945
江苏省南京市,金陵科技学院,118.81763,32.128027
江苏省南京市,江苏第二师范学院,118.760807,32.064042
江苏省南京市,南京工业职业技术学院,118.947841,32.126498
江苏省南京市,江苏经贸职业技术学院,118.891526,31.936718
江苏省南京市,南京特殊教育职业技术学院,118.836702,32.134807
江苏省南京市,江苏海事职业技术学院,118.908234,31.923096
江苏省南京市,应天职业技术学院,118.923207,32.093811
江苏省南京市,南京交通职业技术学院,118.916448,31.917687
江苏省南京市,南京化工职业技术学院,118.755044,32.240302
江苏省南京市,正德职业技术学院,118.790084,31.945704
江苏省南京市,金肯职业技术学院,118.8869,31.690177
江苏省南京市,南京铁道职业技术学院,118.705678,32.106528
江苏省南京市,南京信息职业技术学院,118.94812,32.134173
江苏省南京市,南京视觉艺术职业学院,118.934212,31.75692
江苏省南京市,南京城市职业学院,118.829706,32.13454
江苏省南京市,南京机电职业技术学院,118.910427,32.012528
江苏省南京市,南京旅游职业学院,118.898121,31.935462
江苏省南京市,江苏建康职业学院,118.620371,32.081452
江苏省南通市,江苏工程职业技术学院（南通纺织职业技术学院）,120.892683,32.011089
江苏省南通市,江苏商贸职业学院,120.892725,32.057409
江苏省南通市,南通大学,120.915932,31.978858
江苏省南通市,南通理工学院,120.815647,32.048611
江苏省南通市,南通职业大学,120.900242,32.01477
江苏省南通市,南通农业职业技术学院,120.89891,32.010247
江苏省南通市,南通航运职业技术学院,120.968481,31.922299
江苏省南通市,南通师范高等专科学校,120.88022,32.01079
江苏省苏州市,苏州大学,120.646813,31.31143
江苏省苏州市,苏州科技学院,120.583218,31.255356
江苏省苏州市,常熟理工学院,120.743421,31.614969
江苏省苏州市,西交利物浦大学,120.74638,31.279594
江苏省苏州市,苏州工艺美术职业技术学院,120.592948,31.236863
江苏省苏州市,苏州职业大学,120.602337,31.230665
江苏省苏州市,沙洲职业工学院,120.577506,31.899732
江苏省苏州市,硅湖职业技术学院,121.145406,31.2895
江苏省苏州市,苏州经贸职业技术学院,120.574408,31.257787
江苏省苏州市,苏州工业职业技术学院,120.596934,31.226936
江苏省苏州市,苏州托普信息职业技术学院,120.85303,31.469303
江苏省苏州市,苏州卫生职业技术学院,120.627841,31.30509
江苏省苏州市,苏州农业职业技术学院,120.589097,31.3205
江苏省苏州市,苏州工业园区职业技术学院,120.760022,31.267595
江苏省苏州市,苏州健雄职业技术学院,121.142653,31.416667
江苏省苏州市,苏州港大思培科技职业学院,120.74852,31.281284
江苏省苏州市,昆山登云科技职业学院,120.897924,31.397027
江苏省苏州市,苏州高博软件技术职业学院,120.423725,31.327356
江苏省苏州市,苏州信息职业技术学院,120.640093,31.141121
江苏省苏州市,苏州工业园区服务外包职业学院,120.755178,31.262935
江苏省泰州市,泰州学院,119.947592,32.481954
江苏省泰州市,泰州职业技术学院,119.946218,32.491982
江苏省泰州市,江苏农牧科技职业学院,119.951479,32.461309
江苏省无锡市,太湖创意职业技术学院,120.232339,31.575292
江苏省无锡市,江南大学,120.279778,31.494016
江苏省无锡市,无锡太湖学院,120.232057,31.580906
江苏省无锡市,无锡职业技术学院,120.279259,31.500905
江苏省无锡市,无锡科技职业学院,120.39784,31.525833
江苏省无锡市,无锡商业职业技术学院,120.178529,31.568016
江苏省无锡市,无锡南洋职业技术学院,120.251584,31.501159
江苏省无锡市,江南影视艺术职业学院,120.18152,31.574353
江苏省无锡市,江苏信息职业技术学院,120.176752,31.575353
江苏省无锡市,江阴职业技术学院,120.254049,31.879789
江苏省无锡市,无锡城市职业技术学院,120.192128,31.587112
江苏省无锡市,无锡工艺职业技术学院,119.839111,31.346209
江苏省宿迁市,宿迁学院,118.302907,33.935761
江苏省宿迁市,宿迁职业技术学院,118.295936,34.02375
江苏省宿迁市,宿迁泽达职业技术学院,118.292809,34.02716
江苏省徐州市,中国矿业大学（南湖校区）,117.153897,34.221558
江苏省徐州市,中国矿业大学（文昌校区）,117.205304,34.226185
江苏省徐州市,江苏师范大学,117.185967,34.201676
江苏省徐州市,江苏建筑职业技术学院,117.191892,34.206759
江苏省徐州市,徐州医学院,117.262651,34.268059
江苏省徐州市,徐州工程学院,117.306805,34.198325
江苏省徐州市,九州职业技术学院,117.16723,34.189927
江苏省徐州市,徐州工业职业技术学院,117.144671,34.304656
江苏省徐州市,徐州幼儿师范高等专科学校,117.253375,34.297856
江苏省徐州市,徐州生物工程职业技术学院,117.14276,34.268364
江苏省盐城市,民办明达职业技术学院,120.279505,33.745459
江苏省盐城市,盐城工学院,120.207478,33.388585
江苏省盐城市,盐城师范学院,120.163172,33.390378
江苏省盐城市,盐城卫生职业技术学院,120.177761,33.331141
江苏省盐城市,盐城工业职业技术学院,120.181649,33.327023
江苏省扬州市,扬州大学,119.42925,32.389162
江苏省扬州市,扬州市职业大学,119.387026,32.401189
江苏省扬州市,扬州环境资源职业技术学院,119.427223,32.404161
江苏省扬州市,扬州工业职业技术学院,119.454385,32.420804
江苏省镇江市,江苏科技大学,119.473527,32.203142
江苏省镇江市,江苏大学,119.520705,32.205663
江苏省镇江市,镇江市高等专科学校,119.396175,32.188277
江苏省镇江市,江苏农林职业技术学院,119.17775,31.96551
江西省抚州市,东华理工大学,116.356949,27.992217
江西省抚州市,抚州职业技术学院,116.45231,27.990064
江西省抚州市,江西中医药高等专科学校,116.36676,27.974967
江西省赣州市,江西理工大学,114.935558,25.860808
江西省赣州市,赣南医学院,114.940013,25.865254
江西省赣州市,赣南师范学院,114.893787,25.801247
江西省赣州市,江西环境工程职业学院,114.921556,25.889602
江西省赣州市,江西应用技术职业学院,114.951158,25.853639
江西省赣州市,赣州师范高等专科学校,114.903088,25.797457
江西省吉安市,井冈山大学,115.038178,27.116061
江西省吉安市,吉安职业技术学院,114.987175,27.105602
江西省景德镇市,景德镇陶瓷学院,117.257048,29.29929
江西省景德镇市,景德镇学院,117.190074,29.283052
江西省景德镇市,江西陶瓷工艺美术职业技术学院,117.249605,29.300156
江西省景德镇市,景德镇陶瓷职业技术学院,117.241212,29.366453
江西省九江市,九江学院,116.017891,29.684567
江西省九江市,九江职业大学,115.96866,29.707901
江西省九江市,九江职业技术学院,115.99822,29.684598
江西省九江市,江西财经职业学院,116.001018,29.711971
江西省九江市,江西枫林涉外经贸职业学院,115.733629,29.133112
江西省九江市,共青科技职业学院,115.784166,29.254065
江西省南昌市,东华理工大学（广兰校区）,115.832929,28.725619
江西省南昌市,东华理工大学（枫林校区）,115.838235,28.739024
江西省南昌市,江西工程学院,116.270774,28.372474
江西省南昌市,江西应用科技学院,115.714729,28.672145
江西省南昌市,江西工业职业技术学院（瑶湖校区）,116.031532,28.699816
江西省南昌市,江西工业职业技术学院（老校区）,115.951305,28.721992
江西省南昌市,江西旅游商贸职业学院,115.796005,28.711419
江西省南昌市,江西科技职业学院,115.952845,28.897361
江西省南昌市,江西青年职业学院,115.834786,28.764429
江西省南昌市,南昌大学,115.809834,28.661274
江西省南昌市,华东交通大学,115.875932,28.744448
江西省南昌市,南昌航空大学,115.835044,28.657027
江西省南昌市,江西农业大学,115.839315,28.768197
江西省南昌市,江西中医药大学,115.76254,28.681557
江西省南昌市,江西师范大学,115.929943,28.683466
江西省南昌市,江西财经大学,115.823206,28.734361
江西省南昌市,江西科技学院,116.025951,28.686017
江西省南昌市,江西科技师范大学,115.825945,28.67289
江西省南昌市,南昌工程学院,116.036295,28.695079
江西省南昌市,江西警察学院,115.762709,28.66972
江西省南昌市,南昌理工学院,115.86301,28.78819
江西省南昌市,江西服装学院,115.961803,28.455998
江西省南昌市,南昌工学院,115.766619,28.61663
江西省南昌市,南昌师范学院,115.810439,28.728588
江西省南昌市,江西司法警官职业学院,115.850778,28.715268
江西省南昌市,江西电力职业技术学院,115.81497,28.724312
江西省南昌市,江西艺术职业学院,115.865681,28.762047
江西省南昌市,江西信息应用职业技术学院,115.913581,28.59398
江西省南昌市,江西交通职业技术学院,115.866241,28.740442
江西省南昌市,江西现代职业技术学院,116.006199,28.680075
江西省南昌市,江西机电职业技术学院,115.860986,28.741574
江西省南昌市,南昌职业学院,115.738213,28.729079
江西省南昌市,江西外语外贸职业学院,116.037444,28.706097
江西省南昌市,江西工业贸易职业技术学院,115.793512,28.66041
江西省南昌市,江西生物科技职业学院,115.946902,28.568644
江西省南昌市,江西建设职业技术学院,115.888577,28.578502
江西省南昌市,南昌师范高等专科学校,115.78243,28.670243
江西省南昌市,江西先锋软件职业技术学院,115.822564,28.901021
江西省南昌市,江西经济管理职业学院,115.807969,28.645592
江西省南昌市,江西制造职业技术学院,116.009942,28.678586
江西省南昌市,江西工程职业学院,115.904645,28.655997
江西省南昌市,江西航空职业技术学院,115.940464,28.499639
江西省南昌市,江西护理职业技术学院,115.900332,28.576313
江西省南昌市,江西泰豪动漫职业学院,115.885369,28.578708
江西省南昌市,江西管理职业学院,115.831098,28.769282
江西省南昌市,江西新闻出版职业技术学院,115.963354,28.751446
江西省南昌市,江西工商职业技术学院,115.888315,28.593314
江西省南昌市,江西水利职业学院,115.882039,28.757012
江西省萍乡市,萍乡学院,113.883207,27.63278
江西省萍乡市,江西工业工程职业技术学院,113.905399,27.667771
江西省萍乡市,江西应用工程职业学院,113.989415,27.625867
江西省上饶市,江西医学高等专科学校,117.983469,28.425562
江西省上饶市,上饶师范学院,117.97698,28.424013
江西省上饶市,上饶职业技术学院,117.911251,28.48321
江西省新余市,江西新能源科技职业学院,115.026366,27.837651
江西省新余市,江西冶金职业技术学院,114.933429,27.802524
江西省新余市,江西冶金职业技术学院（仙女湖校区）,114.85774,27.796708
江西省新余市,新余学院,115.003404,27.862788
江西省新余市,赣西科技职业学院,114.938283,27.836956
江西省宜春市,宜春幼儿师范高等专科学校（原宜春学院高安校区）,115.373903,28.430851
江西省宜春市,宜春学院,114.364106,27.797842
江西省宜春市,宜春职业技术学院,114.375871,27.803962
江西省宜春市,江西农业工程职业学院,115.56089,28.053458
江西省鹰潭市,鹰潭职业技术学院,117.053223,28.232959
辽宁省鞍山市,辽宁科技大学,123.067148,41.109936
辽宁省鞍山市,鞍山师范学院,123.000849,41.083256
辽宁省本溪市,辽宁冶金职业技术学院,123.778203,41.277577
辽宁省本溪市,辽宁科技学院,123.721274,41.466452
辽宁省朝阳市,朝阳师范高等专科学校,120.439211,41.539145
辽宁省大连市,鲁迅美术学院（大连校区）,121.998755,39.091548
辽宁省大连市,辽宁轻工职业学院,121.74703,39.085394
辽宁省大连市,大连理工大学,121.536184,38.888674
辽宁省大连市,大连交通大学,121.57703,38.917904
辽宁省大连市,大连海事大学,121.538757,38.877552
辽宁省大连市,大连工业大学,121.533201,38.978899
辽宁省大连市,大连海洋大学,121.561467,38.874617
辽宁省大连市,大连医科大学,121.320513,38.809988
辽宁省大连市,辽宁师范大学,121.568817,38.922564
辽宁省大连市,大连外国语大学,121.315428,38.818528
辽宁省大连市,东北财经大学,121.557634,38.884033
辽宁省大连市,辽宁对外经贸学院,121.161537,38.825338
辽宁省大连市,大连大学,121.828245,39.106591
辽宁省大连市,大连民族学院,121.781433,39.051772
辽宁省大连市,大连科技学院,121.160773,38.788104
辽宁省大连市,大连财经学院,121.838212,39.092101
辽宁省大连市,大连艺术学院,121.84073,39.100529
辽宁省大连市,大连东软信息学院,121.542163,38.894066
辽宁省大连市,大连职业技术学院,121.495846,39.027637
辽宁省大连市,辽宁税务高等专科学校,121.552244,38.885634
辽宁省大连市,大连商务职业学院,121.824861,39.038252
辽宁省大连市,大连软件职业学院,121.50429,38.941214
辽宁省大连市,大连翻译职业学院,121.763686,39.073427
辽宁省大连市,大连枫叶职业技术学院,121.313979,38.967742
辽宁省大连市,大连航运职业技术学院,121.163471,38.802003
辽宁省大连市,大连装备制造职业技术学院,121.712297,39.208383
辽宁省大连市,大连汽车职业技术学院,121.632558,39.024301
辽宁省丹东市,辽东学院,124.435794,40.15781
辽宁省丹东市,辽宁机电职业技术学院,124.353939,40.020945
辽宁省丹东市,辽宁地质工程职业学院,124.330738,40.068074
辽宁省抚顺市,辽宁石油化工大学,123.797369,41.864547
辽宁省抚顺市,抚顺师范高等专科学校,123.701633,41.794025
辽宁省抚顺市,抚顺职业技术学院,123.701827,41.793783
辽宁省阜新市,辽宁工程技术大学,121.67119,42.029827
辽宁省阜新市,阜新高等专科学校,121.642496,42.006863
辽宁省葫芦岛市,辽宁财贸学院,120.801017,40.627292
辽宁省葫芦岛市,渤海船舶职业学院,120.833305,40.717886
辽宁省锦州市,辽宁理工学院（渤海大学文理学院）,121.130738,41.08832
辽宁省锦州市,辽宁工业大学,121.130437,41.149149
辽宁省锦州市,辽宁医学院,121.149643,41.155864
辽宁省锦州市,渤海大学,121.125659,41.092547
辽宁省锦州市,锦州师范高等专科学校,121.162447,41.146976
辽宁省锦州市,辽宁理工职业学院,121.079288,40.864386
辽宁省锦州市,辽宁石化职业技术学院,121.128253,41.141713
辽宁省锦州市,辽宁铁道职业技术学院,121.156634,41.150249
辽宁省辽阳市,辽阳职业技术学院,123.169345,41.294721
辽宁省盘锦市,盘锦职业技术学院,122.112598,40.733721
辽宁省盘锦市,辽河石油职业技术学院,122.072051,41.118198
辽宁省沈阳市,鲁迅美术学院,123.436138,41.787179
辽宁省沈阳市,辽宁体育运动职业技术学院,123.471787,41.752607
辽宁省沈阳市,辽宁建筑职业学院,123.165829,41.253047
辽宁省沈阳市,辽宁医药职业学院（辽宁卫生职业技术学院）,123.359739,41.685032
辽宁省沈阳市,辽宁特殊教育师范高等专科学校,123.637196,41.693489
辽宁省沈阳市,辽宁大学,123.412651,41.83934
辽宁省沈阳市,沈阳工业大学,123.256404,41.743283
辽宁省沈阳市,沈阳航空航天大学,123.411682,41.93173
辽宁省沈阳市,沈阳理工大学,123.497758,41.73317
辽宁省沈阳市,东北大学,123.426007,41.770841
辽宁省沈阳市,沈阳化工大学,123.241727,41.753973
辽宁省沈阳市,沈阳建筑大学,123.52182,41.749412
辽宁省沈阳市,沈阳农业大学,123.574466,41.833623
辽宁省沈阳市,中国医科大学,123.418904,41.798885
辽宁省沈阳市,辽宁中医药大学,123.440075,41.837163
辽宁省沈阳市,沈阳药科大学,123.452698,41.775085
辽宁省沈阳市,沈阳医学院,123.416236,41.894235
辽宁省沈阳市,沈阳师范大学,123.42138,41.913837
辽宁省沈阳市,中国刑事警察学院,123.38656,41.848596
辽宁省沈阳市,沈阳体育学院,123.394848,41.679968
辽宁省沈阳市,沈阳音乐学院,123.437085,41.774621
辽宁省沈阳市,沈阳大学,123.466918,41.83242
辽宁省沈阳市,沈阳工程学院,123.425612,41.924935
辽宁省沈阳市,沈阳工学院,123.567169,41.82724
辽宁省沈阳市,沈阳城市建设学院,123.425522,41.680298
辽宁省沈阳市,沈阳城市学院,123.542768,41.630132
辽宁省沈阳市,辽宁何氏医学院,123.727223,41.920882
辽宁省沈阳市,辽宁传媒学院,123.421675,41.930228
辽宁省沈阳市,辽宁省交通高等专科学校,123.518295,41.942476
辽宁省沈阳市,沈阳航空职业技术学院,123.435462,41.875552
辽宁省沈阳市,辽宁林业职业技术学院,123.330723,41.664422
辽宁省沈阳市,沈阳职业技术学院,123.499252,41.876398
辽宁省沈阳市,辽宁金融职业学院,123.524905,41.94481
辽宁省沈阳市,辽宁轨道交通职业学院,123.405796,41.839031
辽宁省沈阳市,辽宁广告职业学院,123.35569,41.925585
辽宁省沈阳市,辽宁经济职业技术学院,123.498953,41.944139
辽宁省沈阳市,辽宁商贸职业学院,123.551197,41.830223
辽宁省沈阳市,辽宁装备制造职业技术学院,123.599512,41.916937
辽宁省沈阳市,辽宁现代服务职业技术学院,123.597454,41.939753
辽宁省沈阳市,辽宁城市建设职业技术学院,123.49785,41.952019
辽宁省沈阳市,沈阳北软信息职业技术学院,123.462808,41.935983
辽宁省沈阳市,辽宁政法职业学院,123.626558,41.84458
辽宁省沈阳市,辽宁民族师范高等专科学校,123.456626,41.838728
辽宁省沈阳市,辽宁水利职业学院,123.52514,41.946721
辽宁省铁岭市,辽宁职业学院,123.899793,42.311715
辽宁省铁岭市,辽宁工程职业学院,123.75619,42.248314
辽宁省铁岭市,铁岭师范高等专科学校,123.752787,42.258511
辽宁省铁岭市,铁岭卫生职业学院,123.754101,42.252785
辽宁省营口市,辽宁农业职业技术学院,122.159583,40.190453
辽宁省营口市,营口理工学院,122.252063,40.637209
辽宁省营口市,营口职业技术学院,122.25227,40.665549
内蒙古自治区巴彦淖尔市,河套学院,107.441785,40.774901
内蒙古自治区包头市,内蒙古科技大学,109.840505,40.626299
内蒙古自治区包头市,包头职业技术学院,109.89642,40.674605
内蒙古自治区包头市,包头轻工职业技术学院,109.954191,40.642834
内蒙古自治区包头市,包头钢铁职业技术学院,109.841392,40.630249
内蒙古自治区包头市,包头铁道职业技术学院,110.022986,40.586513
内蒙古自治区赤峰市,赤峰学院,118.924636,42.248654
内蒙古自治区赤峰市,内蒙古交通职业技术学院,118.899717,42.278515
内蒙古自治区赤峰市,赤峰职业技术学院,118.896158,42.287507
内蒙古自治区赤峰市,赤峰工业职业技术学院,118.879906,42.277501
内蒙古自治区鄂尔多斯市,鄂尔多斯职业学院,109.826094,39.624439
内蒙古自治区鄂尔多斯市,鄂尔多斯生态环境职业学院,109.832885,39.632629
内蒙古自治区呼和浩特市,内蒙古能源职业学院,111.701638,40.899302
内蒙古自治区呼和浩特市,内蒙古大学,111.706383,40.820832
内蒙古自治区呼和浩特市,内蒙古工业大学,111.69035,40.853227
内蒙古自治区呼和浩特市,内蒙古农业大学,111.708603,40.812301
内蒙古自治区呼和浩特市,内蒙古医科大学,111.444698,40.748869
内蒙古自治区呼和浩特市,内蒙古师范大学,111.701849,40.809919
内蒙古自治区呼和浩特市,内蒙古财经大学,111.639147,40.860328
内蒙古自治区呼和浩特市,呼和浩特民族学院,111.665507,40.849107
内蒙古自治区呼和浩特市,内蒙古建筑职业技术学院,111.646143,40.822163
内蒙古自治区呼和浩特市,内蒙古丰州职业学院,111.725021,40.888504
内蒙古自治区呼和浩特市,呼和浩特职业学院,111.663447,40.846378
内蒙古自治区呼和浩特市,内蒙古电子信息职业技术学院,111.856688,40.903971
内蒙古自治区呼和浩特市,内蒙古机电职业技术学院,111.853003,40.911597
内蒙古自治区呼和浩特市,内蒙古化工职业学院,111.860119,40.908319
内蒙古自治区呼和浩特市,内蒙古商贸职业学院,111.86391,40.908687
内蒙古自治区呼和浩特市,内蒙古警察职业学院,111.702462,40.87662
内蒙古自治区呼和浩特市,内蒙古体育职业学院,111.681559,40.864263
内蒙古自治区呼和浩特市,内蒙古科技职业学院,111.812917,40.862278
内蒙古自治区呼和浩特市,内蒙古北方职业技术学院,111.84817,40.901401
内蒙古自治区呼和浩特市,内蒙古经贸外语职业学院,111.701658,40.899867
内蒙古自治区呼和浩特市,内蒙古工业职业学院,111.805668,40.503345
内蒙古自治区呼伦贝尔市,呼伦贝尔学院,119.78534,49.206622
内蒙古自治区呼伦贝尔市,呼伦贝尔职业技术学院,119.747621,49.183291
内蒙古自治区呼伦贝尔市,满洲里俄语职业学院,117.428163,49.609171
内蒙古自治区呼伦贝尔市,大兴安岭职业学院,124.120407,50.389894
内蒙古自治区通辽市,内蒙古民族大学,122.260159,43.635021
内蒙古自治区通辽市,通辽职业学院,122.256829,43.686974
内蒙古自治区通辽市,科尔沁艺术职业学院,122.266079,43.688017
内蒙古自治区乌海市,乌海职业技术学院,106.841691,39.697942
内蒙古自治区乌兰察布市,集宁师范学院,113.150408,41.01633
内蒙古自治区乌兰察布市,乌兰察布职业学院,113.185659,40.981388
内蒙古自治区乌兰察布市,乌兰察布医学高等专科学校,113.174578,40.986657
内蒙古自治区锡林郭勒盟,锡林郭勒职业学院,116.033576,43.936882
宁夏回族自治区固原市,宁夏师范学院,106.290248,36.01947
宁夏回族自治区石嘴山市,宁夏理工学院,106.422296,38.979895
宁夏回族自治区吴忠市,宁夏民族职业技术学院,106.160435,37.975445
宁夏回族自治区银川市,宁夏职业技术学院,106.23681,38.478996
宁夏回族自治区银川市,宁夏职业技术学院新校区,106.13591,38.527649
宁夏回族自治区银川市,宁夏幼儿师范高等专科学校（原宁夏幼儿师范学校）,106.342119,38.428191
宁夏回族自治区银川市,北方民族大学,106.113595,38.502741
宁夏回族自治区银川市,宁夏大学,106.149692,38.508819
宁夏回族自治区银川市,宁夏医科大学,106.288608,38.420205
宁夏回族自治区银川市,银川能源学院,106.241612,38.254226
宁夏回族自治区银川市,宁夏工业职业学院,106.136101,38.503207
宁夏回族自治区银川市,宁夏工商职业技术学院,106.143371,38.532983
宁夏回族自治区银川市,宁夏财经职业技术学院,106.142937,38.500934
宁夏回族自治区银川市,宁夏司法警官职业学院,106.152867,38.512552
宁夏回族自治区银川市,宁夏建设职业技术学院,106.149322,38.511218
宁夏回族自治区银川市,宁夏防沙治沙职业技术学院,106.174009,38.330959
青海省西宁市,青海大学,101.757749,36.735524
青海省西宁市,青海师范大学,101.74888,36.645819
青海省西宁市,青海民族大学,101.835788,36.595752
青海省西宁市,青海卫生职业技术学院,101.794437,36.633048
青海省西宁市,青海警官职业学院,101.791992,36.607326
青海省西宁市,青海畜牧兽医职业技术学院,101.265601,36.691998
青海省西宁市,青海交通职业技术学院,101.753814,36.654353
青海省西宁市,青海建筑职业技术学院,101.767191,36.607058
山东省滨州市,滨州医学院,118.017785,37.38115
山东省滨州市,滨州学院,117.995681,37.391121
山东省滨州市,滨州职业学院,118.005704,37.421213
山东省德州市,德州学院,116.339263,37.4774
山东省德州市,山东华宇工学院,116.365344,37.470685
山东省德州市,德州科技职业学院,116.620731,36.948599
山东省德州市,德州职业技术学院,116.366393,37.465894
山东省东营市,东营职业学院,118.629458,37.442246
山东省东营市,东营科技职业学院,118.529187,36.999018
山东省东营市,山东胜利职业学院,118.53985,37.475174
山东省菏泽市,菏泽学院,115.472087,35.277153
山东省菏泽市,菏泽医学专科学校,115.482652,35.274833
山东省菏泽市,菏泽家政职业学院,116.105477,34.766275
山东省菏泽市,菏泽职业学院,115.484641,35.239161
山东省济南市,山东警察学院,117.059609,36.659087
山东省济南市,齐鲁理工学院,117.549807,36.684553
山东省济南市,山东农业工程学院,117.101055,36.700751
山东省济南市,山东医学高等专科学校（济南校区）,116.995777,36.618088
山东省济南市,山东医学高等专科学校沂水校去,118.644482,35.801751
山东省济南市,山东外事翻译职业学院,117.054277,36.7184
山东省济南市,山东大学,117.066695,36.677672
山东省济南市,济南大学,116.973978,36.621275
山东省济南市,山东建筑大学,117.191719,36.688677
山东省济南市,齐鲁工业大学,116.81777,36.565423
山东省济南市,山东中医药大学,117.052862,36.656049
山东省济南市,山东师范大学,117.048643,36.657845
山东省济南市,山东财经大学,117.51614,36.663118
山东省济南市,山东体育学院,117.197944,36.686883
山东省济南市,山东艺术学院,117.052977,36.66204
山东省济南市,山东工艺美术学院,116.842861,36.558843
山东省济南市,山东交通学院,116.803805,36.54318
山东省济南市,山东女子学院,116.830868,36.561539
山东省济南市,山东英才学院,117.33156,36.691933
山东省济南市,山东协和学院,117.27638,36.737404
山东省济南市,山东政法学院,117.094654,36.672671
山东省济南市,齐鲁师范学院,117.057573,36.683598
山东省济南市,山东青年政治学院,117.245439,36.677838
山东省济南市,山东管理学院,116.79331,36.537424
山东省济南市,山东商业职业技术学院,117.276287,36.641446
山东省济南市,山东电力高等专科学校,117.033248,36.602242
山东省济南市,山东职业学院,117.333631,36.675935
山东省济南市,山东劳动职业技术学院,116.978902,36.654448
山东省济南市,山东力明科技职业学院,116.897058,36.588254
山东省济南市,山东圣翰财贸职业学院,116.857346,36.572734
山东省济南市,山东现代职业学院,117.363798,36.68024
山东省济南市,济南职业学院,117.030768,36.645754
山东省济南市,山东凯文科技职业学院,117.514743,36.672859
山东省济南市,济南工程职业技术学院,117.518554,36.674328
山东省济南市,山东电子职业技术学院,117.525847,36.670717
山东省济南市,山东旅游职业学院,117.546028,36.678562
山东省济南市,山东杏林科技职业学院,117.553032,36.682657
山东省济南市,山东城市建设职业学院,117.27892,36.646898
山东省济南市,山东司法警官职业学院,117.073986,36.649887
山东省济南市,山东传媒职业学院,117.488767,36.670225
山东省济南市,济南幼儿师范高等专科学校,116.804259,36.505803
山东省济南市,济南护理职业学院,117.233431,36.647687
山东省济宁市,济宁医学院,116.588438,35.34311
山东省济宁市,曲阜师范大学,116.975611,35.601568
山东省济宁市,济宁学院,116.964532,35.554503
山东省济宁市,曲阜远东职业技术学院,117.11784,35.786359
山东省济宁市,济宁职业技术学院,116.598974,35.438404
山东省济宁市,山东理工职业学院,116.5865,35.361304
山东省莱芜市,莱芜职业技术学院,117.736459,36.249376
山东省聊城市,聊城大学,116.00266,36.440279
山东省聊城市,聊城职业技术学院,116.007414,36.489824
山东省临沂市,山东医学高等专科学校,118.323236,35.076305
山东省临沂市,临沂大学,118.297916,35.120154
山东省临沂市,临沂职业学院,118.292085,35.01497
山东省青岛市,中国海洋大学,120.501592,36.167894
山东省青岛市,山东科技大学,120.130378,36.009522
山东省青岛市,青岛科技大学,120.487127,36.125773
山东省青岛市,青岛理工大学,120.377624,36.107092
山东省青岛市,青岛农业大学,120.402708,36.325196
山东省青岛市,青岛滨海学院,120.170782,35.986081
山东省青岛市,青岛大学,120.428678,36.075892
山东省青岛市,青岛恒星科技学院,120.496203,36.178354
山东省青岛市,青岛黄海学院,120.117247,35.932144
山东省青岛市,青岛工学院,120.026446,36.246327
山东省青岛市,青岛职业技术学院,120.166957,35.976231
山东省青岛市,青岛飞洋职业技术学院,120.331593,36.323408
山东省青岛市,山东外贸职业学院,120.442839,36.178368
山东省青岛市,青岛酒店管理职业技术学院,120.496346,36.175601
山东省青岛市,青岛港湾职业技术学院,120.02813,35.820389
山东省青岛市,青岛求实职业技术学院,120.35002,36.236786
山东省青岛市,青岛远洋船员职业学院,120.401715,36.082572
山东省日照市,日照职业技术学院,119.548033,35.467616
山东省日照市,山东水利职业学院,119.558698,35.460369
山东省日照市,山东外国语职业学院,119.53999,35.475766
山东省泰安市,山东农业大学,117.125149,36.20079
山东省泰安市,泰山医学院,117.096411,36.137667
山东省泰安市,泰山学院,117.042822,36.230542
山东省泰安市,山东服装职业学院,117.181884,36.18603
山东省泰安市,泰山职业技术学院,117.182292,36.227885
山东省泰安市,泰山护理职业学院,117.110082,36.208515
山东省威海市,山东外事翻译职业学院（威海）,121.659868,36.824971
山东省威海市,山东药品食品职业学院,121.947836,37.440305
山东省威海市,威海职业学院,121.948136,37.449745
山东省威海市,威海海洋职业学院,122.447766,37.067597
山东省潍坊市,山东海事职业学院,118.982028,36.731402
山东省潍坊市,潍坊医学院,119.040947,36.674336
山东省潍坊市,潍坊学院,119.186523,36.723506
山东省潍坊市,潍坊科技学院,118.782013,36.888874
山东省潍坊市,潍坊职业学院,119.147824,36.719911
山东省潍坊市,山东科技职业学院,119.03027,36.668901
山东省潍坊市,山东畜牧兽医职业学院,119.174436,36.711117
山东省潍坊市,山东交通职业学院,119.181924,36.677549
山东省潍坊市,山东信息职业技术学院,119.159948,36.718205
山东省潍坊市,山东经贸职业学院,119.1026,36.689024
山东省潍坊市,潍坊工商职业学院,119.502846,35.965679
山东省潍坊市,潍坊护理职业学院,119.134597,36.687736
山东省潍坊市,潍坊工程职业学院,118.487707,36.638949
山东省烟台市,鲁东大学,121.365593,37.528502
山东省烟台市,烟台大学,121.464785,37.479634
山东省烟台市,山东工商学院,121.456544,37.493944
山东省烟台市,烟台南山学院,120.498125,37.604766
山东省烟台市,烟台职业学院,121.54092,37.441666
山东省烟台市,烟台工程职业技术学院,121.232748,37.565868
山东省烟台市,山东中医药高等专科学校,121.640753,37.445677
山东省烟台市,山东商务职业学院,121.516066,37.432203
山东省烟台市,烟台汽车工程职业学院,121.254087,37.4542
山东省烟台市,山东文化产业职业学院,120.713594,37.817137
山东省枣庄市,枣庄学院,117.542936,34.906593
山东省枣庄市,枣庄科技职业学院,117.195174,35.107679
山东省枣庄市,枣庄职业学院,117.305383,34.83302
山东省淄博市,山东轻工职业学院,117.867032,36.782334
山东省淄博市,山东理工大学,118.005893,36.816593
山东省淄博市,山东万杰医学院,117.855933,36.547369
山东省淄博市,淄博职业学院,117.934686,36.837183
山东省淄博市,山东工业职业学院,118.087944,36.890072
山东省淄博市,山东化工职业学院,118.191107,36.770895
山东省淄博市,淄博师范高等专科学校,117.902737,36.66618
山东省淄博市,山东铝业职业学院,118.0545,36.761636
山西省大同市,山西大同大学,113.361536,40.097291
山西省大同市,大同煤炭职业技术学院,113.190379,40.029785
山西省晋城市,晋城职业技术学院,112.879514,35.494656
山西省晋中市,山西农业大学,112.588682,37.430004
山西省晋中市,晋中学院,112.727337,37.749211
山西省晋中市,晋中职业技术学院,112.723844,37.695161
山西省晋中市,山西华澳商贸职业学院,112.647141,37.679544
山西省晋中市,晋中师范高等专科学校,112.740961,37.73134
山西省临汾市,山西信息职业技术学院,111.549641,36.129228
山西省临汾市,山西师范大学,111.51236,36.086532
山西省临汾市,临汾职业技术学院,111.621855,36.066017
山西省临汾市,山西管理职业学院,111.512594,36.146629
山西省吕梁市,吕梁学院,111.16713,37.531442
山西省吕梁市,吕梁职业技术学院,111.173832,37.53019
山西省朔州市,朔州职业技术学院,112.41603,39.308785
山西省朔州市,朔州师范高等专科学校,112.463427,39.378922
山西省太原市,山西传媒学院,112.610143,37.870481
山西省太原市,山西轻工职业技术学院,112.621163,37.886317
山西省太原市,山西大学,112.593705,37.807687
山西省太原市,太原科技大学,112.499052,37.880799
山西省太原市,中北大学,112.449428,38.016564
山西省太原市,太原理工大学,112.531074,37.859706
山西省太原市,山西医科大学,112.56122,37.856728
山西省太原市,太原师范学院,112.61305,37.786244
山西省太原市,山西财经大学,112.596884,37.797928
山西省太原市,山西中医学院,112.535989,37.847753
山西省太原市,太原学院,112.614885,37.700497
山西省太原市,山西工商学院,112.5874,37.772903
山西省太原市,太原工业学院,112.549735,37.963946
山西省太原市,山西工程技术学院,112.556176,37.887079
山西省太原市,山西省财政税务专科学校,112.525012,37.858196
山西省太原市,山西警官高等专科学校,112.530643,37.832721
山西省太原市,山西艺术职业学院,112.579941,37.858424
山西省太原市,山西建筑职业技术学院,112.58833,37.815997
山西省太原市,山西药科职业学院,112.659563,37.781952
山西省太原市,山西工程职业技术学院,112.556176,37.887079
山西省太原市,山西交通职业技术学院,112.668372,37.758997
山西省太原市,山西戏剧职业学院,112.565836,37.877339
山西省太原市,山西财贸职业技术学院,112.662834,37.78146
山西省太原市,山西林业职业技术学院,112.546335,37.900698
山西省太原市,山西煤炭职业技术学院,112.609764,37.686527
山西省太原市,山西金融职业学院,112.53627,37.960859
山西省太原市,太原城市职业技术学院,112.535367,37.8958
山西省太原市,山西体育职业学院,112.569832,37.786265
山西省太原市,山西警官职业学院,112.602251,37.828303
山西省太原市,山西国际商务职业学院,112.607239,37.816267
山西省太原市,太原旅游职业学院,112.587879,37.837601
山西省太原市,山西旅游职业学院,112.625687,37.808934
山西省太原市,山西电力职业技术学院,112.49616,37.783706
山西省太原市,山西老区职业技术学院,112.519833,37.907588
山西省太原市,山西经贸职业学院,112.535983,37.845816
山西省太原市,山西青年职业学院,112.608856,37.704679
山西省忻州市,忻州师范学院,112.734161,38.435646
山西省忻州市,忻州职业技术学院,112.74088,38.476602
山西省阳泉市,阳泉职业技术学院,113.585801,37.879774
山西省阳泉市,阳泉师范高等专科学校,113.624643,37.807922
山西省运城市,运城学院,110.93913,35.128044
山西省运城市,山西水利职业技术学院,111.040836,35.059554
山西省运城市,山西运城农业职业技术学院,111.007108,35.025531
山西省运城市,运城幼儿师范高等专科学校,111.070538,35.103382
山西省运城市,运城职业技术学院,111.011388,35.078683
山西省运城市,运城护理职业学院,110.930827,35.122863
山西省运城市,运城师范高等专科学校,110.923307,35.138642
山西省长治市,长治医学院,113.123823,36.17855
山西省长治市,长治学院,113.142885,36.216435
山西省长治市,长治职业技术学院,113.125954,36.189118
山西省长治市,山西机电职业技术学院,113.141393,36.214696
山西省长治市,潞安职业技术学院,112.997216,36.446986
陕西省安康市,安康学院,109.041255,32.688197
陕西省安康市,安康职业技术学院,109.045067,32.693143
陕西省宝鸡市,宝鸡文理学院,107.166806,34.355982
陕西省宝鸡市,宝鸡职业技术学院,107.303773,34.345551
陕西省汉中市,陕西理工学院,107.060215,33.076986
陕西省汉中市,陕西航空职业技术学院,107.032324,33.027077
陕西省汉中市,汉中职业技术学院,106.987175,33.167404
陕西省商洛市,商洛学院,109.960932,33.870179
陕西省商洛市,商洛职业技术学院,109.919521,33.886289
陕西省铜川市,铜川职业技术学院,108.937674,34.892324
陕西省渭南市,渭南师范学院,109.47303,34.498096
陕西省渭南市,陕西铁路工程职业技术学院,109.412719,34.518331
陕西省渭南市,渭南职业技术学院,109.418219,34.519119
陕西省西安市,陕西工商职业学院,105.669648,34.571836
陕西省西安市,西安交通大学,108.990471,34.256147
陕西省西安市,长安大学,108.962926,34.238489
陕西省西安市,西安电子科技大学,108.924729,34.23822
陕西省西安市,西北工业大学,108.922922,34.250067
陕西省西安市,西北大学,108.934224,34.253588
陕西省西安市,西安理工大学,108.999854,34.259563
陕西省西安市,西安工业大学,108.991956,34.385793
陕西省西安市,西安建筑科技大学,108.97283,34.2448
陕西省西安市,西安科技大学,109.200282,34.37737
陕西省西安市,西安石油大学,108.934802,34.21929
陕西省西安市,陕西科技大学,108.983819,34.384058
陕西省西安市,西安工程大学,109.192364,34.375634
陕西省西安市,陕西师范大学,108.902888,34.159134
陕西省西安市,西安外国语大学,108.881388,34.143263
陕西省西安市,西北政法大学,108.922903,34.159336
陕西省西安市,西安体育学院,108.939939,34.24445
陕西省西安市,西安音乐学院,108.950421,34.235079
陕西省西安市,西安美术学院,108.937022,34.224043
陕西省西安市,西安文理学院,108.910833,34.219491
陕西省西安市,西安培华学院,108.942802,34.12848
陕西省西安市,西安财经学院,108.960981,34.215991
陕西省西安市,西安邮电大学,108.954959,34.221028
陕西省西安市,西安航空学院,108.898581,34.26817
陕西省西安市,西安医学院,109.001523,34.389368
陕西省西安市,西安欧亚学院,108.927091,34.182946
陕西省西安市,西安外事学院,108.876087,34.236661
陕西省西安市,西安翻译学院,109.013653,34.032179
陕西省西安市,西京学院,108.938851,34.141941
陕西省西安市,西安思源学院,109.085016,34.241025
陕西省西安市,西安交通工程学院,108.928847,34.225663
陕西省西安市,西安电力高等专科学校,108.99241,34.274614
陕西省西安市,陕西国防工业职业技术学院,108.630953,34.099713
陕西省西安市,西安航空职业技术学院,109.218839,34.656365
陕西省西安市,陕西交通职业技术学院,108.946195,34.331251
陕西省西安市,陕西职业技术学院,108.997923,34.127964
陕西省西安市,西安高新科技职业学院,108.904997,34.090214
陕西省西安市,西安城市建设职业学院,108.786914,34.050905
陕西省西安市,陕西电子信息职业技术学院,109.378885,34.123863
陕西省西安市,西安海棠职业学院,109.088167,34.237101
陕西省西安市,西安汽车科技职业学院,109.11032,34.21926
陕西省西安市,陕西警官职业学院,109.010786,34.247121
陕西省西安市,陕西经济管理职业技术学院,108.93173,34.34345
陕西省西安市,西安铁路职业技术学院,108.946691,34.286575
陕西省西安市,西安职业技术学院,108.846376,34.232871
陕西省西安市,陕西青年职业学院,108.840393,34.053822
陕西省西安市,陕西电子科技职业学院,108.949075,34.123123
陕西省西安市,陕西旅游烹饪职业学院,108.926124,34.294941
陕西省西安市,西安医学高等专科学校,108.736982,34.116197
陕西省西安市,陕西艺术职业学院,108.960434,34.241481
陕西省咸阳市,陕西国际商贸学院,108.723562,34.306445
陕西省咸阳市,陕西学前师范学院,108.941503,34.134225
陕西省咸阳市,陕西能源职业技术学院,108.72093,34.362874
陕西省咸阳市,陕西财经职业技术学院,108.705283,34.360929
陕西省咸阳市,西藏民族学院,108.738486,34.355207
陕西省咸阳市,西北农林科技大学,108.078672,34.292086
陕西省咸阳市,陕西中医学院,108.747116,34.321204
陕西省咸阳市,咸阳师范学院,108.734502,34.366822
陕西省咸阳市,陕西服装工程学院,108.725203,34.309479
陕西省咸阳市,陕西工业职业技术学院,108.722518,34.354902
陕西省咸阳市,杨凌职业技术学院,108.08588,34.271034
陕西省咸阳市,陕西邮电职业技术学院,108.714883,34.36189
陕西省咸阳市,咸阳职业技术学院,108.74405,34.30347
陕西省延安市,延安大学,109.469025,36.627487
陕西省延安市,延安职业技术学院,109.413069,36.635662
陕西省榆林市,榆林学院,109.729625,38.299413
陕西省榆林市,榆林职业技术学院,109.774989,38.226842
上海市,上海兴伟学院（上海兴韦学院）,121.793105,31.047842
上海市,复旦大学,121.509708,31.304257
上海市,同济大学,121.507102,31.288675
上海市,上海交通大学,121.446111,31.02667
上海市,华东理工大学,121.431828,31.150239
上海市,上海理工大学,121.562319,31.299027
上海市,上海海事大学,121.911915,30.880394
上海市,东华大学,121.421929,31.210344
上海市,上海电力学院,121.553056,31.279092
上海市,上海应用技术学院,121.518469,30.849612
上海市,上海海洋大学,121.907145,30.893441
上海市,上海中医药大学,121.603337,31.200275
上海市,华东师范大学,121.45944,31.034692
上海市,上海师范大学,121.525447,30.842117
上海市,上海外国语大学,121.489051,31.281862
上海市,上海财经大学,121.500459,31.310821
上海市,上海对外经贸大学,121.22276,31.052103
上海市,上海海关学院,121.583341,31.174465
上海市,华东政法大学,121.204289,31.062266
上海市,上海体育学院,121.53054,31.318418
上海市,上海音乐学院,121.460843,31.219007
上海市,上海戏剧学院,121.446703,31.223076
上海市,上海大学,121.399567,31.321804
上海市,上海工程技术大学,121.211621,31.062374
上海市,上海立信会计学院,121.204988,31.052614
上海市,上海电机学院,121.406073,31.009447
上海市,上海金融学院,121.658026,31.28447
上海市,上海杉达学院,121.664664,31.273583
上海市,上海政法学院,121.179793,31.116531
上海市,上海第二工业大学,121.657778,31.270836
上海市,上海商学院,121.435755,31.188931
上海市,上海建桥学院,121.596773,31.154797
上海市,上海视觉艺术学院,121.213133,31.053596
上海市,上海科技大学,121.597216,31.184676
上海市,上海纽约大学,121.541004,31.23227
上海市,上海医疗器械高等专科学校,121.54064,31.294939
上海市,上海旅游高等专科学校,121.525401,30.842411
上海市,上海公安高等专科学校,121.525851,31.385383
上海市,上海东海职业技术学院,121.465169,31.035667
上海市,上海新侨职业技术学院,121.185963,31.361982
上海市,上海出版印刷高等专科学校,121.55004,31.289724
上海市,上海行健职业学院,121.438168,31.28646
上海市,上海城市管理职业技术学院,121.560503,31.332561
上海市,上海交通职业技术学院,121.43035,31.198229
上海市,上海海事职业技术学院,121.536435,31.245238
上海市,上海电子信息职业技术学院,121.699992,30.930148
上海市,上海震旦职业学院,121.362588,31.424094
上海市,上海民远职业技术学院,121.666989,31.204136
上海市,上海欧华职业技术学院,121.402688,31.17224
上海市,上海思博职业技术学院,121.787325,31.04631
上海市,上海立达职业技术学院,121.32837,30.942763
上海市,上海工艺美术职业学院,121.258677,31.413848
上海市,上海济光职业技术学院,121.441073,31.370022
上海市,上海工商外国语职业学院,121.788695,31.052977
上海市,上海科学技术职业学院,121.264637,31.392481
上海市,上海农林职业技术学院,121.226724,31.016279
上海市,上海邦德职业技术学院,121.40794,31.327518
上海市,上海中侨职业技术学院,121.630036,31.151258
上海市,上海建峰职业技术学院,121.47219,31.412715
上海市,上海电影艺术职业学院,121.591608,31.197866
上海市,上海中华职业技术学院,121.513103,30.982825
上海市,上海工会管理职业学院,121.420974,30.912017
上海市,上海医药高等专科学校,121.617281,31.111739
上海市,上海体育职业学院,121.437685,31.147751
上海市,上海健康职业技术学院,121.433087,31.147364
上海市,上海民航职业技术学院,121.461996,31.177423
上海市,金山职业技术学院,121.178335,30.902605
四川省阿坝藏族羌族自治州,阿坝师范高等专科学校,103.425091,30.931937
四川省巴中市,巴中职业技术学院,106.846048,31.87338
四川省成都市,四川电影电视学院（原四川师范大学电影电视学院）,104.031696,30.727738
四川省成都市,民办四川天一学院,104.468183,30.857495
四川省成都市,四川城市职业学院,104.170814,30.616407
四川省成都市,四川长江职业学院,104.170849,30.651442
四川省成都市,四川文轩职业学院,103.553434,30.609219
四川省成都市,四川护理职业学院,104.270309,30.575816
四川省成都市,四川大学,104.089453,30.636971
四川省成都市,西南交通大学,104.059612,30.704212
四川省成都市,电子科技大学,104.106953,30.681503
四川省成都市,西南财经大学,103.824852,30.692109
四川省成都市,西南石油大学,104.190488,30.831667
四川省成都市,成都理工大学,104.150675,30.679034
四川省成都市,成都信息工程学院,103.995963,30.585742
四川省成都市,西华大学,103.95677,30.776789
四川省成都市,成都中医药大学,103.814046,30.692435
四川省成都市,四川师范大学,104.129775,30.619957
四川省成都市,成都体育学院,104.050442,30.653966
四川省成都市,四川音乐学院,104.085529,30.643698
四川省成都市,西南民族大学,104.055749,30.645228
四川省成都市,成都学院,104.195311,30.65545
四川省成都市,成都工业学院,103.894851,30.793658
四川省成都市,四川旅游学院,104.283758,30.585447
四川省成都市,成都东软学院,103.603119,30.894378
四川省成都市,四川传媒学院,103.990516,30.829349
四川省成都市,成都文理学院,104.467749,30.852457
四川省成都市,成都医学院,104.206737,30.826574
四川省成都市,成都师范学院,103.834902,30.682187
四川省成都市,成都纺织高等专科学校,103.964041,30.767728
四川省成都市,成都航空职业技术学院,104.247939,30.535676
四川省成都市,四川电力职业技术学院,103.843362,30.725704
四川省成都市,成都职业技术学院,104.067171,30.598332
四川省成都市,四川水利职业技术学院,103.784939,30.637554
四川省成都市,四川航天职业技术学院,104.272039,30.561443
四川省成都市,四川邮电职业技术学院,104.130876,30.62531
四川省成都市,四川交通职业技术学院,103.823222,30.694733
四川省成都市,四川工商职业技术学院,103.70244,30.91909
四川省成都市,四川托普信息技术职业学院,103.927859,30.78553
四川省成都市,四川国际标榜职业学院,104.305958,30.603174
四川省成都市,成都农业科技职业学院,103.82241,30.702636
四川省成都市,成都艺术职业学院,103.890724,30.492523
四川省成都市,四川商务职业学院,103.930771,30.697947
四川省成都市,四川文化传媒职业学院,103.683543,30.621558
四川省成都市,四川华新现代职业学院,104.241356,30.655349
四川省成都市,四川管理职业学院,104.018247,30.670586
四川省成都市,四川艺术职业学院,103.79597,30.758388
四川省成都市,四川科技职业学院,103.986708,30.828869
四川省成都市,四川文化产业职业学院,104.046021,30.524905
四川省成都市,四川财经职业学院,104.217725,30.5846
四川省成都市,四川现代职业学院,104.004552,30.523528
四川省成都市,成都工业职业技术学院,104.052836,30.451296
四川省成都市,四川西南航空职业学院,104.467952,30.855735
四川省达州市,四川文理学院,107.49052,31.217332
四川省达州市,达州职业技术学院,107.537705,31.287155
四川省德阳市,四川工业科技学院（原四川工业管理职业学院,104.160935,31.2234
四川省德阳市,中国民用航空飞行学院,104.314039,30.95639
四川省德阳市,四川工程职业技术学院,104.394266,31.098219
四川省德阳市,四川建筑职业技术学院,104.391241,31.091787
四川省德阳市,四川司法警官职业学院,104.418875,31.135998
四川省甘孜藏族自治州,四川民族学院,102.1819,30.101342
四川省广安市,广安职业技术学院,106.671949,30.469087
四川省广元市,四川信息职业技术学院,105.859034,32.446022
四川省广元市,川北幼儿师范高等专科学校,105.898011,32.422732
四川省乐山市,乐山师范学院,103.759038,29.563597
四川省乐山市,乐山职业技术学院,103.750181,29.562285
四川省凉山彝族自治州,西昌学院,102.219444,27.951779
四川省泸州市,四川三河职业学院,105.815125,28.834571
四川省泸州市,泸州医学院,105.451742,28.891851
四川省泸州市,四川警察学院,105.435832,28.882094
四川省泸州市,四川化工职业技术学院,105.429199,28.872732
四川省泸州市,泸州职业技术学院,105.433835,28.871839
四川省眉山市,眉山职业技术学院,103.895053,30.073483
四川省绵阳市,四川文化艺术学院（原四川音乐学院绵阳艺术学院）,104.767079,31.426867
四川省绵阳市,四川汽车职业技术学院,104.648406,31.438691
四川省绵阳市,四川电子机械职业技术学院,104.844975,31.384389
四川省绵阳市,西南科技大学,104.701712,31.54063
四川省绵阳市,绵阳师范学院,104.611036,31.455327
四川省绵阳市,绵阳职业技术学院,104.795544,31.497503
四川省绵阳市,四川中医药高等专科学校,104.765208,31.448858
四川省绵阳市,四川幼儿师范高等专科学校,104.794729,31.793158
四川省南充市,川北医学院,106.087284,30.802173
四川省南充市,西华师范大学,106.075406,30.826496
四川省南充市,南充职业技术学院,106.160466,30.85317
四川省内江市,川南幼儿师范高等专科学校（原隆昌幼儿师范学校）,105.290655,29.339993
四川省内江市,内江师范学院,105.05731,29.594843
四川省内江市,内江职业技术学院,105.072951,29.599922
四川省攀枝花市,攀枝花学院,101.733823,26.573545
四川省攀枝花市,四川机电职业技术学院,101.765602,26.573803
四川省遂宁市,四川职业技术学院,105.611477,30.540162
四川省雅安市,四川农业大学,103.007339,29.984534
四川省雅安市,雅安职业技术学院,103.01623,29.98401
四川省宜宾市,宜宾学院,104.61947,28.799411
四川省宜宾市,宜宾职业技术学院,104.584045,28.717794
四川省资阳市,四川希望汽车职业学院,104.755417,30.09164
四川省自贡市,四川卫生康复职业学院,104.770111,29.342386
四川省自贡市,四川理工学院,104.77203,29.338537
天津市,南开大学,117.176953,39.109299
天津市,天津大学,117.181503,39.114877
天津市,天津科技大学,117.278411,39.077181
天津市,天津工业大学,117.118049,39.071292
天津市,中国民航大学,117.359398,39.112799
天津市,天津理工大学,117.148474,39.067139
天津市,天津农学院,117.10699,39.097365
天津市,天津医科大学,117.1915,39.112218
天津市,天津中医药大学,117.17226,39.122624
天津市,天津师范大学,117.130994,39.061669
天津市,天津职业技术师范大学,117.300061,39.068112
天津市,天津外国语大学,117.216346,39.114366
天津市,天津商业大学,117.135262,39.189084
天津市,天津财经大学,117.284952,39.067013
天津市,天津体育学院,117.194164,39.081536
天津市,天津音乐学院,117.235481,39.130097
天津市,天津美术学院,117.200646,39.159191
天津市,天津城建大学,117.102684,39.101383
天津市,天津天狮学院,117.078471,39.407745
天津市,天津市职业大学,117.196143,39.234747
天津市,天津中德职业技术学院,117.392087,39.017336
天津市,天津滨海职业学院,117.652177,39.07522
天津市,天津工程职业技术学院,117.507187,38.730617
天津市,天津青年职业学院,117.358261,39.016453
天津市,天津渤海职业技术学院,117.368341,39.269524
天津市,天津电子信息职业技术学院,117.385052,39.014504
天津市,天津机电职业技术学院,117.141712,39.182176
天津市,天津现代职业技术学院,117.37533,39.025352
天津市,天津公安警官职业学院,117.116434,39.011231
天津市,天津轻工职业技术学院,117.380641,39.02756
天津市,天津商务职业学院,117.233935,39.068511
天津市,天津国土资源和房屋职业学院,117.462194,38.873985
天津市,天津医学高等专科学校,117.294212,39.078721
天津市,天津开发区职业技术学院,117.70342,39.09439
天津市,天津艺术职业学院,117.280832,39.096693
天津市,天津交通职业学院,117.083325,39.155008
天津市,天津冶金职业技术学院,117.120843,39.265949
天津市,天津石油职业技术学院,117.22528,38.849599
天津市,天津城市职业学院,117.241984,39.155106
天津市,天津铁道职业技术学院,117.227195,39.177778
天津市,天津工艺美术职业学院,117.241827,39.168045
天津市,天津城市建设管理职业技术学院,117.115141,39.198772
天津市,天津生物工程职业技术学院,117.548734,39.079722
天津市,天津海运职业学院,117.371895,39.009444
天津市,天津广播影视职业学院,117.121427,39.127004
天津市,河北工业大学,117.173128,39.184204
西藏自治区拉萨市,西藏大学,91.154724,29.649065
西藏自治区拉萨市,西藏藏医学院,91.133487,29.67156
西藏自治区拉萨市,西藏警官高等专科学校,91.165064,29.690693
西藏自治区拉萨市,拉萨师范高等专科学校,91.131494,29.693956
西藏自治区拉萨市,西藏职业技术学院,91.074926,29.655547
新疆维吾尔自治区阿克苏地区,阿克苏职业技术学院,80.30344,41.198191
新疆维吾尔自治区巴音郭楞蒙古自治州,巴音郭楞职业技术学院,86.251648,41.721722
新疆维吾尔自治区昌吉回族自治州,新疆农业职业技术学院,87.327036,44.022042
新疆维吾尔自治区昌吉回族自治州,昌吉学院,87.261439,44.021096
新疆维吾尔自治区昌吉回族自治州,昌吉职业技术学院,87.311561,44.007948
新疆维吾尔自治区哈密地区,哈密职业技术学院,93.499278,42.845177
新疆维吾尔自治区和田地区,和田师范专科学校,79.915286,37.116663
新疆维吾尔自治区和田地区,新疆维吾尔医学专科学校,79.911867,37.119361
新疆维吾尔自治区喀什地区,喀什师范学院,76.009342,39.483811
新疆维吾尔自治区克拉玛依市,克拉玛依职业技术学院,84.894766,44.337693
新疆维吾尔自治区乌鲁木齐市,新疆机电职业技术学院,81.365023,43.961818
新疆维吾尔自治区乌鲁木齐市,新疆现代职业技术学院,87.447611,43.863949
新疆维吾尔自治区乌鲁木齐市,新疆职业大学迎宾校区,87.544767,43.907896
新疆维吾尔自治区乌鲁木齐市,新疆职业大学友好校区,87.601112,43.815501
新疆维吾尔自治区乌鲁木齐市,新疆师范高等专科学校东校区（新疆教育学院）,87.639427,43.828139
新疆维吾尔自治区乌鲁木齐市,新疆师范高等专科学校（原新疆教育学院）,87.624136,43.810804
新疆维吾尔自治区乌鲁木齐市,新疆铁道职业技术学院,87.561588,43.883296
新疆维吾尔自治区乌鲁木齐市,新疆大学,87.622704,43.772078
新疆维吾尔自治区乌鲁木齐市,新疆农业大学,87.573015,43.818545
新疆维吾尔自治区乌鲁木齐市,新疆医科大学,87.586063,43.843862
新疆维吾尔自治区乌鲁木齐市,新疆师范大学,87.600303,43.839824
新疆维吾尔自治区乌鲁木齐市,新疆财经大学,87.555939,43.889357
新疆维吾尔自治区乌鲁木齐市,新疆艺术学院,87.634881,43.777402
新疆维吾尔自治区乌鲁木齐市,新疆工程学院,87.587389,43.819833
新疆维吾尔自治区乌鲁木齐市,新疆警察学院,87.574232,43.897127
新疆维吾尔自治区乌鲁木齐市,乌鲁木齐职业大学,87.657042,43.790562
新疆维吾尔自治区乌鲁木齐市,新疆轻工职业技术学院,87.637245,43.926624
新疆维吾尔自治区乌鲁木齐市,新疆能源职业技术学院,88.312175,43.37381
新疆维吾尔自治区乌鲁木齐市,新疆天山职业技术学院,87.72921,43.806478
新疆维吾尔自治区乌鲁木齐市,新疆交通职业技术学院,87.642113,43.947008
新疆维吾尔自治区乌鲁木齐市,新疆体育职业技术学院,87.656781,43.761062
新疆维吾尔自治区新疆维吾尔自治区直辖县级行政单位,塔里木大学,81.304208,40.550527
新疆维吾尔自治区新疆维吾尔自治区直辖县级行政单位,石河子大学,86.058589,44.316316
新疆维吾尔自治区新疆维吾尔自治区直辖县级行政单位,新疆石河子职业技术学院,86.078008,44.319624
新疆维吾尔自治区伊犁哈萨克自治州,伊犁师范学院,81.311072,43.942257
新疆维吾尔自治区伊犁哈萨克自治州,新疆应用职业技术学院,84.891246,44.421809
新疆维吾尔族自治区塔城市,新疆建设职业技术学院,82.964439,46.752142
新疆维吾尔族自治区伊犁哈萨克自治州,伊犁职业技术学院西校区,81.344575,43.93672
新疆维吾尔族自治区伊犁哈萨克自治州,伊犁职业技术学院东校区,81.346205,43.93744
新疆维吾尔族自治区伊犁哈萨克自治州,伊犁职业技术学院北校区,81.365023,43.961818
云南省保山市,保山学院,99.169904,25.140249
云南省保山市,保山中医药高等专科学校,99.156438,25.110471
云南省楚雄彝族自治州,云南现代职业技术学院,101.58167,24.987618
云南省楚雄彝族自治州,楚雄师范学院,101.556303,25.032176
云南省楚雄彝族自治州,楚雄医药高等专科学校,101.501271,25.086298
云南省大理白族自治州,大理学院,100.162524,25.6778
云南省大理白族自治州,大理农林职业技术学院,100.160195,25.705093
云南省德宏傣族景颇族自治州,德宏师范高等专科学校,98.588859,24.428994
云南省德宏傣族景颇族自治州,德宏职业学院,98.593911,24.422562
云南省红河哈尼族彝族自治州,红河学院,103.431991,23.357602
云南省红河哈尼族彝族自治州,云南锡业职业技术学院,103.156949,23.394755
云南省红河哈尼族彝族自治州,红河卫生职业学院,103.40611,23.364868
云南省昆明市,云南经济管理学院安宁校区（原云南经济管理职业学院）,102.441385,24.903934
云南省昆明市,云南经济管理学院海源校区（原云南经济管理职业学院）,102.655549,25.091469
云南省昆明市,云南新兴职业学院,102.861011,24.984719
云南省昆明市,云南外事外语职业学院,103.017144,25.245456
云南省昆明市,云南大学,102.709377,25.06064
云南省昆明市,昆明理工大学,102.70396,25.066269
云南省昆明市,云南农业大学,102.757093,25.135408
云南省昆明市,西南林业大学,102.75875,25.063838
云南省昆明市,昆明医科大学,102.693534,25.048602
云南省昆明市,云南中医学院,102.830029,24.843689
云南省昆明市,云南师范大学,102.702368,25.060959
云南省昆明市,云南财经大学,102.726416,25.087223
云南省昆明市,云南艺术学院,102.830403,24.838443
云南省昆明市,云南民族大学,102.858118,24.845009
云南省昆明市,云南警官学院,102.698875,25.080383
云南省昆明市,昆明学院,102.805805,24.982902
云南省昆明市,云南工商学院,103.012403,25.247033
云南省昆明市,昆明冶金高等专科学校,102.694664,25.071866
云南省昆明市,云南国土资源职业学院,102.798804,24.975778
云南省昆明市,云南交通职业技术学院,102.681483,25.078845
云南省昆明市,昆明工业职业技术学院,102.502004,24.90069
云南省昆明市,云南农业职业技术学院,102.984838,25.171835
云南省昆明市,云南司法警官职业学院,102.903811,25.071637
云南省昆明市,云南文化艺术职业学院,102.641206,24.977587
云南省昆明市,云南体育运动职业技术学院,102.687878,24.970914
云南省昆明市,云南科技信息职业学院,102.76622,25.090029
云南省昆明市,昆明艺术职业学院,102.717774,24.939579
云南省昆明市,云南国防工业职业技术学院,102.837853,24.825727
云南省昆明市,云南机电职业技术学院,102.740811,25.150471
云南省昆明市,云南林业职业技术学院,102.778978,25.098553
云南省昆明市,云南城市建设职业学院,103.01048,25.240317
云南省昆明市,云南工程职业学院,102.444404,24.901443
云南省昆明市,云南经贸外事职业学院,102.603546,24.796758
云南省昆明市,云南商务职业学院,102.669241,25.075032
云南省昆明市,昆明卫生职业学院,102.643365,25.083746
云南省昆明市,云南旅游职业学院,102.717478,25.082134
云南省丽江市,丽江师范高等专科学校,100.288908,26.893089
云南省临沧市,临沧师范高等专科学校,100.084406,23.893177
云南省普洱市,普洱学院,100.972982,22.774987
云南省普洱市,云南热带作物职业学院,100.98908,22.798394
云南省曲靖市,曲靖师范学院,103.757461,25.526921
云南省曲靖市,云南能源职业技术学院,103.834979,25.549237
云南省曲靖市,曲靖医学高等专科学校,103.750368,25.526579
云南省文山壮族苗族自治州,文山学院,104.25494,23.363607
云南省文山壮族苗族自治州,云南三鑫职业技术学院,104.28228,23.358929
云南省西双版纳傣族自治州,西双版纳职业技术学院,100.795266,22.014007
云南省玉溪市,玉溪师范学院,102.569489,24.3454
云南省玉溪市,玉溪农业职业技术学院,102.507025,24.245622
云南省昭通市,昭通学院,103.744022,27.363477
浙江省杭州市,浙江财经大学,120.401537,30.32692
浙江省杭州市,浙江警察学院,120.156529,30.176965
浙江省杭州市,浙江外国语学院,120.041486,30.22547
浙江省杭州市,浙江艺术职业学院,120.162894,30.18075
浙江省杭州市,浙江大学,120.129649,30.270067
浙江省杭州市,杭州电子科技大学,120.34917,30.320139
浙江省杭州市,浙江工业大学,120.172735,30.298915
浙江省杭州市,浙江理工大学,120.359352,30.319843
浙江省杭州市,浙江农林大学,119.735539,30.262074
浙江省杭州市,浙江中医药大学,120.156287,30.178932
浙江省杭州市,杭州师范大学,120.401177,30.322142
浙江省杭州市,浙江工商大学,120.145145,30.291501
浙江省杭州市,中国美术学院,120.166981,30.249362
浙江省杭州市,中国计量学院,120.369042,30.327348
浙江省杭州市,浙江科技学院,120.034178,30.225789
浙江省杭州市,浙江水利水电学院,120.380137,30.319375
浙江省杭州市,浙江传媒学院,120.35043,30.326912
浙江省杭州市,浙江树人学院,120.162804,30.323389
浙江省杭州市,浙江交通职业技术学院,120.09556,30.349743
浙江省杭州市,浙江电力职业技术学院,120.157889,30.326499
浙江省杭州市,浙江同济科技职业学院,120.315895,30.250142
浙江省杭州市,浙江机电职业技术学院,120.159308,30.181133
浙江省杭州市,浙江建设职业技术学院,120.305487,30.252209
浙江省杭州市,浙江经贸职业技术学院,120.38891,30.32254
浙江省杭州市,浙江商业职业技术学院,120.169703,30.180539
浙江省杭州市,浙江经济职业技术学院,120.385513,30.31438
浙江省杭州市,浙江旅游职业学院,120.308326,30.248988
浙江省杭州市,浙江育英职业技术学院,120.358073,30.310872
浙江省杭州市,浙江警官职业学院,120.366417,30.319336
浙江省杭州市,浙江金融职业学院,120.390093,30.327169
浙江省杭州市,杭州职业技术学院,120.359638,30.326732
浙江省杭州市,浙江医学高等专科学校,120.166774,30.177776
浙江省杭州市,杭州科技职业技术学院,119.905833,30.092749
浙江省杭州市,浙江长征职业技术学院,120.023274,30.212682
浙江省杭州市,杭州万向职业技术学院,120.081169,30.259563
浙江省杭州市,浙江体育职业技术学院,120.301911,30.25986
浙江省杭州市,浙江特殊教育职业学院,120.021668,30.213174
浙江省湖州市,湖州师范学院,120.128467,30.87879
浙江省湖州市,湖州职业技术学院,120.137571,30.882811
浙江省嘉兴市,嘉兴学院,120.737221,30.751669
浙江省嘉兴市,嘉兴职业技术学院,120.719352,30.749217
浙江省嘉兴市,嘉兴南洋职业技术学院,120.782432,30.79441
浙江省金华市,浙江师范大学,119.652909,29.142119
浙江省金华市,金华职业技术学院,119.643135,29.070001
浙江省金华市,义乌工商职业技术学院,120.103585,29.305652
浙江省金华市,浙江广厦建设职业技术学院,120.250539,29.302235
浙江省金华市,浙江横店影视职业学院,120.336148,29.151969
浙江省丽水市,丽水学院,119.907286,28.463945
浙江省丽水市,丽水职业技术学院,119.91671,28.478519
浙江省宁波市,公安海警学院,121.722335,29.947246
浙江省宁波市,浙江万里学院,121.569525,29.823001
浙江省宁波市,宁波工程学院,121.616817,29.91734
浙江省宁波市,宁波大学,121.643725,29.914867
浙江省宁波市,宁波大红鹰学院,121.488529,29.894094
浙江省宁波市,宁波诺丁汉大学,121.568968,29.806792
浙江省宁波市,宁波职业技术学院,121.821484,29.900615
浙江省宁波市,宁波城市职业技术学院,121.575922,29.815089
浙江省宁波市,浙江工商职业技术学院,121.512921,29.871211
浙江省宁波市,浙江医药高等专科学校,121.567529,29.827513
浙江省宁波市,浙江纺织服装职业技术学院,121.630187,29.91993
浙江省宁波市,宁波卫生职业技术学院,121.573267,29.813373
浙江省衢州市,衢州学院,118.874926,28.988481
浙江省衢州市,衢州职业技术学院,118.873625,28.981561
浙江省绍兴市,浙江越秀外国语学院,120.609962,29.975555
浙江省绍兴市,浙江邮电职业技术学院,120.567467,29.990227
浙江省绍兴市,绍兴文理学院,120.581616,29.995474
浙江省绍兴市,浙江工业职业技术学院,120.583689,30.035291
浙江省绍兴市,绍兴职业技术学院,120.565723,29.98774
浙江省绍兴市,浙江农业商贸职业学院,120.651745,30.076382
浙江省台州市,台州学院,121.397922,28.658873
浙江省台州市,台州职业技术学院,121.408217,28.658255
浙江省台州市,台州科技职业学院,121.267783,28.671899
浙江省台州市,浙江汽车职业技术学院,121.176367,28.880323
浙江省温州市,温州医科大学,120.71841,27.931467
浙江省温州市,温州大学,120.703563,27.924526
浙江省温州市,温州肯恩大学,120.657451,27.925595
浙江省温州市,温州职业技术学院,120.687601,28.015132
浙江省温州市,浙江工贸职业技术学院,120.70684,28.008268
浙江省温州市,浙江东方职业技术学院,120.754868,27.971737
浙江省温州市,温州科技职业学院,120.63857,27.988445
浙江省舟山市,浙江海洋学院,122.198543,29.966146
浙江省舟山市,浙江国际海运职业技术学院,122.192491,29.99556
重庆市,重庆大学,106.474816,29.570367
重庆市,重庆邮电大学,106.613922,29.53832
重庆市,重庆交通大学,106.578179,29.49622
重庆市,重庆医科大学,106.515581,29.539027
重庆市,西南大学,106.435313,29.827724
重庆市,重庆师范大学,106.46288,29.563126
重庆市,重庆文理学院,105.945121,29.356254
重庆市,重庆三峡学院,108.389644,30.801266
重庆市,长江师范学院,107.269196,29.757045
重庆市,四川外国语大学,106.442671,29.578243
重庆市,西南政法大学,106.598005,29.670838
重庆市,四川美术学院,106.547493,29.493666
重庆市,重庆科技学院,106.515777,29.513351
重庆市,重庆理工大学,106.535999,29.459629
重庆市,重庆工商大学,106.587115,29.511135
重庆市,重庆工程学院,106.601873,29.42982
重庆市,重庆警察学院,106.323333,29.632232
重庆市,重庆人文科技学院,106.411872,29.975422
重庆市,重庆第二师范学院,106.583807,29.516793
重庆市,重庆航天职业技术学院,106.512668,29.581604
重庆市,重庆电力高等专科学校,106.540184,29.492204
重庆市,重庆工业职业技术学院,106.644912,29.777949
重庆市,重庆三峡职业学院,108.401582,30.762895
重庆市,重庆工贸职业技术学院,107.370405,29.653208
重庆市,重庆机电职业技术学院,106.415535,29.574914
重庆市,重庆电子工程职业学院,106.330745,29.622766
重庆市,重庆海联职业技术学院,106.608529,29.685634
重庆市,重庆信息技术职业学院,108.385533,30.793449
重庆市,重庆传媒职业学院,106.076933,29.860915
重庆市,重庆城市管理职业学院,106.310737,29.58385
重庆市,重庆工程职业技术学院,106.262158,29.346786
重庆市,重庆房地产职业学院,106.334622,29.626141
重庆市,重庆城市职业学院,105.947318,29.328949
重庆市,重庆水利电力职业技术学院,105.939449,29.371355
重庆市,重庆工商职业学院,106.457718,29.50268
重庆市,重庆应用技术职业学院,106.471346,29.6326
重庆市,重庆三峡医药高等专科学校,108.452757,30.758838
重庆市,重庆医药高等专科学校,106.319494,29.63213
重庆市,重庆青年职业技术学院,106.383755,29.785895
重庆市,重庆财经职业学院,105.895936,29.3737
重庆市,重庆科创职业学院,105.886866,29.377406
重庆市,重庆建筑工程职业学院,106.673382,29.557007
重庆市,重庆电讯职业学院,106.286793,29.415191
重庆市,重庆能源职业学院,106.31349,29.42971
重庆市,重庆商务职业学院,106.318409,29.638753
重庆市,重庆交通职业学院,106.291848,29.41221
重庆市,重庆化工职业学院,106.530427,29.576555
重庆市,重庆旅游职业学院,108.826003,29.510122
重庆市,重庆安全技术职业学院,108.456578,30.762771
重庆市,重庆公共运输职业学院,106.285354,29.410802
重庆市,重庆艺术工程职业学院,106.679424,29.533779
重庆市,重庆轻工职业学院,106.37712,29.538941
重庆市,重庆电信职业学院,105.879458,29.244075
重庆市,重庆经贸职业学院,108.838989,29.535131
重庆市,重庆幼儿师范高等专科学校,108.374926,30.876364
重庆市,重庆文化艺术职业学院,106.550785,29.590132
重庆市,重庆服装工程职业学院,108.378485,30.755983
